FileName,"Error","NameError","TemplateField.Name","DocumentField.Name","RegonitionTypeError","TemplateField.RecognitionFieldType","DocumentField.RecognitionFieldType","FormFieldGroupError","TemplateField.FormFieldGroup","DocumentField.FormFieldGroup","LabelAreaError","TemplateField.LabelArea","DocumentField.LabelArea","LabelTextError","TemplateField.LabelText","DocumentField.LabelText","DataAreaError","TemplateField.DataArea","DocumentField.DataArea","DataTextError","TemplateField.DataText","DocumentField.DataText","DocumentField.Validation"
"C:\DevelopPF\Data\Forms\1BPPIndexed\English-US\Invoices\HillsCo\TampaSpring\Original\INV# 061556~PO# DPFM11164010~TAMPA SPRING COMPANY~12_08_2010~$824.44~_001.tif"," "," ","Total Due","Total Due"," ","Currency","Currency"," ","SummaryFormFieldGroup","SummaryFormFieldGroup"," ","{X=1878,Y=2880,Width=169,Height=34}","{X=1878,Y=2880,Width=169,Height=34}"," ","Total :","Total :","DIFF: Data Area:","{X=2183,Y=2883,Width=264,Height=53}","{X=1969,Y=2835,Width=541,Height=143}","DIFF: Data Text:","~824.44","~j=====ÍÍ tkRem","TemplateMatch, UserValidated"
"C:\DevelopPF\Data\Forms\1BPPIndexed\English-US\Invoices\HillsCo\TampaSpring\Original\INV# 061556~PO# DPFM11164010~TAMPA SPRING COMPANY~12_08_2010~$824.44~_001.tif"," "," ","Invoice Number","Invoice Number"," ","GeneralText","GeneralText"," ","UnknownFormFieldGroup","UnknownFormFieldGroup","DIFF: Label Area:","{X=1411,Y=541,Width=196,Height=62}","{X=1427,Y=555,Width=166,Height=38}"," ","Inv #:","Inv #:","DIFF: Data Area:","{X=1631,Y=545,Width=188,Height=50}","{X=1639,Y=559,Width=171,Height=30}"," ","~061556","~061556","TemplateMatch, UserValidated"
"C:\DevelopPF\Data\Forms\1BPPIndexed\English-US\Invoices\HillsCo\TampaSpring\Original\INV# 061556~PO# DPFM11164010~TAMPA SPRING COMPANY~12_08_2010~$824.44~_001.tif"," "," ","Invoice Date","Invoice Date","DIFF: Recognition Field Type:","GeneralText","Date"," ","UnknownFormFieldGroup","UnknownFormFieldGroup","DIFF: Label Area:","{X=1859,Y=504,Width=167,Height=42}","{X=1877,Y=508,Width=139,Height=30}"," ","Date:","Date:","DIFF: Data Area:","{X=2050,Y=500,Width=253,Height=50}","{X=2062,Y=500,Width=230,Height=45}","DIFF: Data Text:","~12/8/2010","~l2fO8flO","TemplateMatch, UserValidated"
"C:\DevelopPF\Data\Forms\1BPPIndexed\English-US\Invoices\HillsCo\TampaSpring\Original\INV# 061556~PO# DPFM11164010~TAMPA SPRING COMPANY~12_08_2010~$824.44~_001.tif"," "," ","Purchase Order","Purchase Order"," ","GeneralText","GeneralText"," ","UnknownFormFieldGroup","UnknownFormFieldGroup","DIFF: Label Area:","{X=1480,Y=846,Width=127,Height=54}","{X=1487,Y=858,Width=106,Height=38}"," ","PO#:","PO#:","DIFF: Data Area:","{X=1619,Y=850,Width=395,Height=58}","{X=1635,Y=862,Width=357,Height=31}"," ","~DPFM11164010","~DPFM11164010","TemplateMatch, UserValidated"
"C:\DevelopPF\Data\Forms\1BPPIndexed\English-US\Invoices\HillsCo\TampaSpring\Original\INV# 061714~PO# DPFM11164026~TAMPA SPRING COMPANY~12_17_2010~$2,369.78~_001.tif","ERROR no document field"," ","Invoice Date",""," ","Date","GeneralText"," ","CustomerFormFieldGroup","UnknownFormFieldGroup"," ","{X=1850,Y=502,Width=175,Height=54}","{X=0,Y=0,Width=0,Height=0}"," ","Date:",""," ","{X=2044,Y=506,Width=252,Height=46}","{X=0,Y=0,Width=0,Height=0}"," ","~12/17/2010","~","Unvalidated"
"C:\DevelopPF\Data\Forms\1BPPIndexed\English-US\Invoices\HillsCo\TampaSpring\Original\INV# 061714~PO# DPFM11164026~TAMPA SPRING COMPANY~12_17_2010~$2,369.78~_001.tif","ERROR no document field"," ","Invoice Number",""," ","GeneralText","GeneralText"," ","UnknownFormFieldGroup","UnknownFormFieldGroup"," ","{X=1401,Y=551,Width=199,Height=57}","{X=0,Y=0,Width=0,Height=0}"," ","Inv #:",""," ","{X=1619,Y=551,Width=199,Height=53}","{X=0,Y=0,Width=0,Height=0}"," ","~061714","~","Unvalidated"
"C:\DevelopPF\Data\Forms\1BPPIndexed\English-US\Invoices\HillsCo\TampaSpring\Original\INV# 061714~PO# DPFM11164026~TAMPA SPRING COMPANY~12_17_2010~$2,369.78~_001.tif","ERROR no document field"," ","Purchase Order",""," ","GeneralText","GeneralText"," ","UnknownFormFieldGroup","UnknownFormFieldGroup"," ","{X=1469,Y=846,Width=127,Height=66}","{X=0,Y=0,Width=0,Height=0}"," ","PO#:",""," ","{X=1623,Y=854,Width=390,Height=58}","{X=0,Y=0,Width=0,Height=0}"," ","~DPFM11164026","~","Unvalidated"
"C:\DevelopPF\Data\Forms\1BPPIndexed\English-US\Invoices\HillsCo\TampaSpring\Original\INV# 061714~PO# DPFM11164026~TAMPA SPRING COMPANY~12_17_2010~$2,369.78~_003.tif","ERROR no document field"," ","Invoice Date",""," ","Date","GeneralText"," ","CustomerFormFieldGroup","UnknownFormFieldGroup"," ","{X=1878,Y=506,Width=159,Height=41}","{X=0,Y=0,Width=0,Height=0}"," ","Date:",""," ","{X=2056,Y=506,Width=252,Height=46}","{X=0,Y=0,Width=0,Height=0}"," ","~12/17/2010","~","Unvalidated"
"C:\DevelopPF\Data\Forms\1BPPIndexed\English-US\Invoices\HillsCo\TampaSpring\Original\INV# 061714~PO# DPFM11164026~TAMPA SPRING COMPANY~12_17_2010~$2,369.78~_003.tif","ERROR no document field"," ","Invoice Number",""," ","GeneralText","GeneralText"," ","UnknownFormFieldGroup","UnknownFormFieldGroup"," ","{X=1401,Y=546,Width=207,Height=58}","{X=0,Y=0,Width=0,Height=0}"," ","Inv #:",""," ","{X=1635,Y=551,Width=179,Height=53}","{X=0,Y=0,Width=0,Height=0}"," ","~061714","~","Unvalidated"
"C:\DevelopPF\Data\Forms\1BPPIndexed\English-US\Invoices\HillsCo\TampaSpring\Original\INV# 061714~PO# DPFM11164026~TAMPA SPRING COMPANY~12_17_2010~$2,369.78~_003.tif","ERROR no document field"," ","Purchase Order",""," ","GeneralText","GeneralText"," ","UnknownFormFieldGroup","UnknownFormFieldGroup"," ","{X=1465,Y=850,Width=143,Height=58}","{X=0,Y=0,Width=0,Height=0}"," ","PO#:",""," ","{X=1619,Y=858,Width=390,Height=46}","{X=0,Y=0,Width=0,Height=0}"," ","~DPFM11164026","~","Unvalidated"
"C:\DevelopPF\Data\Forms\1BPPIndexed\English-US\Invoices\HillsCo\TampaSpring\Original\INV# 061714~PO# DPFM11164026~TAMPA SPRING COMPANY~12_17_2010~$2,369.78~_003.tif","ERROR no document field"," ","Total Due",""," ","GeneralText","GeneralText"," ","UnknownFormFieldGroup","UnknownFormFieldGroup"," ","{X=1862,Y=2882,Width=195,Height=50}","{X=0,Y=0,Width=0,Height=0}"," ","Total :",""," ","{X=2137,Y=2890,Width=220,Height=38}","{X=0,Y=0,Width=0,Height=0}"," ","~2369.78","~","Unvalidated"
"C:\DevelopPF\Data\Forms\1BPPIndexed\English-US\Invoices\HillsCo\TampaSpring\Original\INV# 062086~PO# DPFM11164026~TAMPA SPRING COMPANY~01_12_2011~$874.32~_001.tif","ERROR no document field"," ","Invoice Date",""," ","Date","GeneralText"," ","CustomerFormFieldGroup","UnknownFormFieldGroup"," ","{X=1868,Y=508,Width=140,Height=30}","{X=0,Y=0,Width=0,Height=0}"," ","Date:",""," ","{X=2045,Y=500,Width=257,Height=46}","{X=0,Y=0,Width=0,Height=0}"," ","~1/12/2011","~","Unvalidated"
"C:\DevelopPF\Data\Forms\1BPPIndexed\English-US\Invoices\HillsCo\TampaSpring\Original\INV# 062086~PO# DPFM11164026~TAMPA SPRING COMPANY~01_12_2011~$874.32~_001.tif","ERROR no document field"," ","Invoice Number",""," ","GeneralText","GeneralText"," ","UnknownFormFieldGroup","UnknownFormFieldGroup"," ","{X=1394,Y=549,Width=205,Height=54}","{X=0,Y=0,Width=0,Height=0}"," ","Inv #:",""," ","{X=1606,Y=545,Width=228,Height=50}","{X=0,Y=0,Width=0,Height=0}"," ","~062086","~","Unvalidated"
"C:\DevelopPF\Data\Forms\1BPPIndexed\English-US\Invoices\HillsCo\TampaSpring\Original\INV# 062086~PO# DPFM11164026~TAMPA SPRING COMPANY~01_12_2011~$874.32~_001.tif","ERROR no document field"," ","Purchase Order",""," ","GeneralText","GeneralText"," ","UnknownFormFieldGroup","UnknownFormFieldGroup"," ","{X=1439,Y=858,Width=160,Height=46}","{X=0,Y=0,Width=0,Height=0}"," ","PO#:",""," ","{X=1618,Y=858,Width=391,Height=41}","{X=0,Y=0,Width=0,Height=0}"," ","~DPFM11164026","~","Unvalidated"
"C:\DevelopPF\Data\Forms\1BPPIndexed\English-US\Invoices\HillsCo\TampaSpring\Original\INV# 062086~PO# DPFM11164026~TAMPA SPRING COMPANY~01_12_2011~$874.32~_001.tif","ERROR no document field"," ","Total Due",""," ","GeneralText","GeneralText"," ","UnknownFormFieldGroup","UnknownFormFieldGroup"," ","{X=1858,Y=2878,Width=200,Height=46}","{X=0,Y=0,Width=0,Height=0}"," ","Total:",""," ","{X=2163,Y=2870,Width=196,Height=54}","{X=0,Y=0,Width=0,Height=0}"," ","~874 .32","~","Unvalidated"
"C:\DevelopPF\Data\Forms\1BPPIndexed\English-US\Invoices\HillsCo\TampaSpring\Original\INV# 062169~PO# DPFM11164026~TAMPA SPRING COMPANY~01_18_2011~$1,389.65~_001.tif","ERROR no document field"," ","Invoice Date",""," ","Date","GeneralText"," ","CustomerFormFieldGroup","UnknownFormFieldGroup"," ","{X=1858,Y=503,Width=171,Height=46}","{X=0,Y=0,Width=0,Height=0}"," ","Date :",""," ","{X=2048,Y=491,Width=257,Height=58}","{X=0,Y=0,Width=0,Height=0}"," ","~1/18/2011","~","Unvalidated"
"C:\DevelopPF\Data\Forms\1BPPIndexed\English-US\Invoices\HillsCo\TampaSpring\Original\INV# 062169~PO# DPFM11164026~TAMPA SPRING COMPANY~01_18_2011~$1,389.65~_001.tif","ERROR no document field"," ","Total Due",""," ","Currency","GeneralText"," ","SummaryFormFieldGroup","UnknownFormFieldGroup"," ","{X=1876,Y=2874,Width=144,Height=33}","{X=0,Y=0,Width=0,Height=0}"," ","Total",""," ","{X=2137,Y=2872,Width=229,Height=37}","{X=0,Y=0,Width=0,Height=0}"," ","~1389 .65 ","~","Unvalidated"
"C:\DevelopPF\Data\Forms\1BPPIndexed\English-US\Invoices\HillsCo\TampaSpring\Original\INV# 062169~PO# DPFM11164026~TAMPA SPRING COMPANY~01_18_2011~$1,389.65~_001.tif","ERROR no document field"," ","Invoice Number",""," ","GeneralText","GeneralText"," ","UnknownFormFieldGroup","UnknownFormFieldGroup"," ","{X=1395,Y=548,Width=204,Height=49}","{X=0,Y=0,Width=0,Height=0}"," ","Inv #:",""," ","{X=1626,Y=552,Width=196,Height=53}","{X=0,Y=0,Width=0,Height=0}"," ","~062169","~","Unvalidated"
"C:\DevelopPF\Data\Forms\1BPPIndexed\English-US\Invoices\HillsCo\TampaSpring\Original\INV# 062169~PO# DPFM11164026~TAMPA SPRING COMPANY~01_18_2011~$1,389.65~_001.tif","ERROR no document field"," ","Purchase Order",""," ","GeneralText","GeneralText"," ","UnknownFormFieldGroup","UnknownFormFieldGroup"," ","{X=1468,Y=848,Width=139,Height=57}","{X=0,Y=0,Width=0,Height=0}"," ","PO#:",""," ","{X=1614,Y=852,Width=391,Height=58}","{X=0,Y=0,Width=0,Height=0}"," ","~DPFM11164026","~","Unvalidated"
"C:\DevelopPF\Data\Forms\1BPPIndexed\English-US\Invoices\HillsCo\TampaSpring\Original\INV# 062169~PO# DPFM11164026~TAMPA SPRING COMPANY~01_18_2011~$1,389.65~_003.tif","ERROR no document field"," ","Invoice Date",""," ","Date","GeneralText"," ","CustomerFormFieldGroup","UnknownFormFieldGroup"," ","{X=1846,Y=503,Width=176,Height=46}","{X=0,Y=0,Width=0,Height=0}"," ","Date : ",""," ","{X=2037,Y=507,Width=240,Height=46}","{X=0,Y=0,Width=0,Height=0}"," ","~1/18/2011","~","Unvalidated"
"C:\DevelopPF\Data\Forms\1BPPIndexed\English-US\Invoices\HillsCo\TampaSpring\Original\INV# 062169~PO# DPFM11164026~TAMPA SPRING COMPANY~01_18_2011~$1,389.65~_003.tif","ERROR no document field"," ","Invoice Number",""," ","GeneralText","GeneralText"," ","UnknownFormFieldGroup","UnknownFormFieldGroup"," ","{X=1396,Y=540,Width=204,Height=66}","{X=0,Y=0,Width=0,Height=0}"," ","Inv 4:",""," ","{X=1599,Y=544,Width=203,Height=53}","{X=0,Y=0,Width=0,Height=0}"," ","~062169","~","Unvalidated"
"C:\DevelopPF\Data\Forms\1BPPIndexed\English-US\Invoices\HillsCo\TampaSpring\Original\INV# 062169~PO# DPFM11164026~TAMPA SPRING COMPANY~01_18_2011~$1,389.65~_003.tif","ERROR no document field"," ","Purchase Order",""," ","GeneralText","GeneralText"," ","UnknownFormFieldGroup","UnknownFormFieldGroup"," ","{X=1457,Y=848,Width=139,Height=70}","{X=0,Y=0,Width=0,Height=0}"," ","PO#:",""," ","{X=1599,Y=856,Width=398,Height=50}","{X=0,Y=0,Width=0,Height=0}"," ","~DPFM11164026","~","Unvalidated"
"C:\DevelopPF\Data\Forms\1BPPIndexed\English-US\Invoices\HillsCo\TampaSpring\Original\INV# 062198~PO# DPFM11164026~TAMPA SPRING COMPANY~01_19_2011~$181.51~_001.tif"," "," ","Invoice Date","Invoice Date"," ","Date","Date"," ","CustomerFormFieldGroup","CustomerFormFieldGroup","DIFF: Label Area:","{X=1835,Y=511,Width=196,Height=34}","{X=1869,Y=518,Width=139,Height=30}"," ","Date:","Date:","DIFF: Data Area:","{X=2046,Y=511,Width=248,Height=50}","{X=2054,Y=510,Width=231,Height=45}","DIFF: Data Text:","~1/19/2011","~Olfl9f 11","TemplateMatch, UserValidated"
"C:\DevelopPF\Data\Forms\1BPPIndexed\English-US\Invoices\HillsCo\TampaSpring\Original\INV# 062198~PO# DPFM11164026~TAMPA SPRING COMPANY~01_19_2011~$181.51~_001.tif"," "," ","Purchase Order","Purchase Order"," ","GeneralText","GeneralText"," ","CustomerFormFieldGroup","CustomerFormFieldGroup","DIFF: Label Area:","{X=1477,Y=869,Width=115,Height=53}","{X=1480,Y=873,Width=106,Height=37}"," ","PO#:","PO#:","DIFF: Data Area:","{X=1672,Y=869,Width=387,Height=49}","{X=1693,Y=878,Width=349,Height=32}"," ","~DPFMl1164026","~DPFMl1164026","TemplateMatch, UserValidated"
"C:\DevelopPF\Data\Forms\1BPPIndexed\English-US\Invoices\HillsCo\TampaSpring\Original\INV# 062198~PO# DPFM11164026~TAMPA SPRING COMPANY~01_19_2011~$181.51~_001.tif"," "," ","Total Due","Total Due"," ","Currency","Currency"," ","SummaryFormFieldGroup","SummaryFormFieldGroup"," ","{X=1872,Y=2897,Width=168,Height=33}","{X=1872,Y=2897,Width=168,Height=33}"," ","Total :","Total :","DIFF: Data Area:","{X=2172,Y=2890,Width=183,Height=46}","{X=2176,Y=2900,Width=270,Height=61}","DIFF: Data Text:","~181.51","~181.51{","TemplateMatch, UserValidated"
"C:\DevelopPF\Data\Forms\1BPPIndexed\English-US\Invoices\HillsCo\TampaSpring\Original\INV# 062198~PO# DPFM11164026~TAMPA SPRING COMPANY~01_19_2011~$181.51~_001.tif"," "," ","Invoice Number","Invoice Number"," ","GeneralText","GeneralText"," ","UnknownFormFieldGroup","UnknownFormFieldGroup","DIFF: Label Area:","{X=1408,Y=548,Width=204,Height=70}","{X=1420,Y=566,Width=210,Height=38}"," ","Inv #: ","Inv #: ","DIFF: Data Area:","{X=1620,Y=560,Width=195,Height=50}","{X=1630,Y=569,Width=173,Height=49}","DIFF: Data Text:","~062198","~70.62198","TemplateMatch, UserValidated"
"C:\DevelopPF\Data\Forms\1BPPIndexed\English-US\Invoices\HillsCo\TampaSpring\Original\INV# 062464~PO# DPFM11164041~TAMPA SPRING COMPANY~02_04_2011~$3,644.93~_001.tif","ERROR no document field"," ","Invoice Date",""," ","Date","GeneralText"," ","CustomerFormFieldGroup","UnknownFormFieldGroup"," ","{X=1862,Y=505,Width=171,Height=53}","{X=0,Y=0,Width=0,Height=0}"," ","Date:",""," ","{X=2044,Y=501,Width=260,Height=62}","{X=0,Y=0,Width=0,Height=0}"," ","~2/4/2011","~","Unvalidated"
"C:\DevelopPF\Data\Forms\1BPPIndexed\English-US\Invoices\HillsCo\TampaSpring\Original\INV# 062464~PO# DPFM11164041~TAMPA SPRING COMPANY~02_04_2011~$3,644.93~_001.tif","Field Error"," ","Total Due","Total Due"," ","Currency","Currency"," ","SummaryFormFieldGroup","SummaryFormFieldGroup","DIFF: Label Area:","{X=1872,Y=2819,Width=164,Height=34}","{X=1872,Y=2819,Width=164,Height=35}"," ","Total :","Total :","DIFF: Data Area:","{X=2133,Y=2824,Width=219,Height=41}","{X=0,Y=0,Width=0,Height=0}","ERROR: Data Text:","~3644.93","~","Unvalidated"
"C:\DevelopPF\Data\Forms\1BPPIndexed\English-US\Invoices\HillsCo\TampaSpring\Original\INV# 062464~PO# DPFM11164041~TAMPA SPRING COMPANY~02_04_2011~$3,644.93~_001.tif","ERROR no document field"," ","Invoice Number",""," ","GeneralText","GeneralText"," ","UnknownFormFieldGroup","UnknownFormFieldGroup"," ","{X=1430,Y=553,Width=195,Height=58}","{X=0,Y=0,Width=0,Height=0}"," ","Inv #:",""," ","{X=1644,Y=566,Width=191,Height=41}","{X=0,Y=0,Width=0,Height=0}"," ","~062464","~","Unvalidated"
"C:\DevelopPF\Data\Forms\1BPPIndexed\English-US\Invoices\HillsCo\TampaSpring\Original\INV# 062464~PO# DPFM11164041~TAMPA SPRING COMPANY~02_04_2011~$3,644.93~_001.tif","ERROR no document field"," ","Purchase Order",""," ","GeneralText","GeneralText"," ","UnknownFormFieldGroup","UnknownFormFieldGroup"," ","{X=1499,Y=844,Width=126,Height=58}","{X=0,Y=0,Width=0,Height=0}"," ","PO#:",""," ","{X=1644,Y=856,Width=357,Height=42}","{X=0,Y=0,Width=0,Height=0}"," ","~DPFM11164041","~","Unvalidated"
"C:\DevelopPF\Data\Forms\1BPPIndexed\English-US\Invoices\HillsCo\TampaSpring\Original\INV# 062464~PO# DPFM11164041~TAMPA SPRING COMPANY~02_04_2011~$3,644.93~_002.tif","ERROR no document field"," ","Invoice Date",""," ","Date","GeneralText"," ","CustomerFormFieldGroup","UnknownFormFieldGroup"," ","{X=1866,Y=511,Width=160,Height=42}","{X=0,Y=0,Width=0,Height=0}"," ","Date:",""," ","{X=2037,Y=511,Width=236,Height=34}","{X=0,Y=0,Width=0,Height=0}"," ","~2/4/2011","~","Unvalidated"
"C:\DevelopPF\Data\Forms\1BPPIndexed\English-US\Invoices\HillsCo\TampaSpring\Original\INV# 062464~PO# DPFM11164041~TAMPA SPRING COMPANY~02_04_2011~$3,644.93~_002.tif","ERROR no document field"," ","Invoice Number",""," ","GeneralText","GeneralText"," ","UnknownFormFieldGroup","UnknownFormFieldGroup"," ","{X=1432,Y=556,Width=188,Height=45}","{X=0,Y=0,Width=0,Height=0}"," ","Inv #:",""," ","{X=1635,Y=556,Width=196,Height=50}","{X=0,Y=0,Width=0,Height=0}"," ","~062464","~","Unvalidated"
"C:\DevelopPF\Data\Forms\1BPPIndexed\English-US\Invoices\HillsCo\TampaSpring\Original\INV# 062464~PO# DPFM11164041~TAMPA SPRING COMPANY~02_04_2011~$3,644.93~_002.tif","ERROR no document field"," ","Purchase Order",""," ","GeneralText","GeneralText"," ","UnknownFormFieldGroup","UnknownFormFieldGroup"," ","{X=1493,Y=844,Width=119,Height=54}","{X=0,Y=0,Width=0,Height=0}"," ","PO#:",""," ","{X=1643,Y=856,Width=375,Height=30}","{X=0,Y=0,Width=0,Height=0}"," ","~DPFM11164041","~","Unvalidated"
"C:\DevelopPF\Data\Forms\1BPPIndexed\English-US\Invoices\HillsCo\TampaSpring\Original\INV# 062608~PO# DPFM11164041~TAMPA SPRING COMPANY~02_11_2011~$314.00~_001.tif"," "," ","Invoice Date","Invoice Date"," ","Date","Date"," ","CustomerFormFieldGroup","CustomerFormFieldGroup","DIFF: Label Area:","{X=1835,Y=551,Width=189,Height=49}","{X=1867,Y=557,Width=135,Height=38}"," ","Date :","Date :","DIFF: Data Area:","{X=2039,Y=555,Width=258,Height=54}","{X=2049,Y=557,Width=227,Height=43}","DIFF: Data Text:","~2/11/2011","~02/l1/l1","TemplateMatch, UserValidated"
"C:\DevelopPF\Data\Forms\1BPPIndexed\English-US\Invoices\HillsCo\TampaSpring\Original\INV# 062608~PO# DPFM11164041~TAMPA SPRING COMPANY~02_11_2011~$314.00~_001.tif"," "," ","Total Due","Total Due"," ","Currency","Currency"," ","SummaryFormFieldGroup","SummaryFormFieldGroup"," ","{X=1858,Y=2852,Width=166,Height=34}","{X=1858,Y=2852,Width=166,Height=34}"," ","Total :","Total :","DIFF: Data Area:","{X=2141,Y=2855,Width=209,Height=33}","{X=2156,Y=2855,Width=167,Height=31}"," ","~314 . 00","~314 . 00","TemplateMatch, UserValidated"
"C:\DevelopPF\Data\Forms\1BPPIndexed\English-US\Invoices\HillsCo\TampaSpring\Original\INV# 062608~PO# DPFM11164041~TAMPA SPRING COMPANY~02_11_2011~$314.00~_001.tif"," "," ","Invoice Number","Invoice Number"," ","GeneralText","GeneralText"," ","UnknownFormFieldGroup","UnknownFormFieldGroup","DIFF: Label Area:","{X=1407,Y=599,Width=209,Height=59}","{X=1429,Y=609,Width=162,Height=37}"," ","Inv #:","Inv #:","DIFF: Data Area:","{X=1627,Y=599,Width=205,Height=59}","{X=1636,Y=611,Width=167,Height=31}"," ","~062608","~062608","TemplateMatch, UserValidated"
"C:\DevelopPF\Data\Forms\1BPPIndexed\English-US\Invoices\HillsCo\TampaSpring\Original\INV# 062608~PO# DPFM11164041~TAMPA SPRING COMPANY~02_11_2011~$314.00~_001.tif"," "," ","Purchase Order","Purchase Order"," ","GeneralText","GeneralText"," ","UnknownFormFieldGroup","UnknownFormFieldGroup","DIFF: Label Area:","{X=1472,Y=893,Width=128,Height=54}","{X=1487,Y=903,Width=103,Height=39}"," ","PO#:","PO#:","DIFF: Data Area:","{X=1627,Y=901,Width=360,Height=38}","{X=1631,Y=905,Width=348,Height=33}"," ","~DPFM11164041","~DPFM11164041","TemplateMatch, UserValidated"
"C:\DevelopPF\Data\Forms\1BPPIndexed\English-US\Invoices\HillsCo\TampaSpring\Original\INV# 063998~PO# DPFM11164010~TAMPA SPRING COMPANY~04_26_2011~$837.23~_001.tif","ERROR no document field"," ","Invoice Date",""," ","Date","GeneralText"," ","CustomerFormFieldGroup","UnknownFormFieldGroup"," ","{X=1838,Y=498,Width=176,Height=46}","{X=0,Y=0,Width=0,Height=0}"," ","Date:",""," ","{X=2029,Y=490,Width=252,Height=66}","{X=0,Y=0,Width=0,Height=0}"," ","~4/26/2011","~","Unvalidated"
"C:\DevelopPF\Data\Forms\1BPPIndexed\English-US\Invoices\HillsCo\TampaSpring\Original\INV# 063998~PO# DPFM11164010~TAMPA SPRING COMPANY~04_26_2011~$837.23~_001.tif"," "," ","Total Due","Total Due"," ","Currency","Currency"," ","SummaryFormFieldGroup","SummaryFormFieldGroup"," ","{X=1845,Y=2829,Width=165,Height=35}","{X=1845,Y=2829,Width=165,Height=35}","DIFF: Label Text:","Total:","Total :"," ","{X=2142,Y=2832,Width=166,Height=35}","{X=2142,Y=2832,Width=166,Height=35}"," ","~837.23","~837.23","Unvalidated"
"C:\DevelopPF\Data\Forms\1BPPIndexed\English-US\Invoices\HillsCo\TampaSpring\Original\INV# 063998~PO# DPFM11164010~TAMPA SPRING COMPANY~04_26_2011~$837.23~_001.tif","ERROR no document field"," ","Invoice Number",""," ","GeneralText","GeneralText"," ","UnknownFormFieldGroup","UnknownFormFieldGroup"," ","{X=1397,Y=539,Width=208,Height=53}","{X=0,Y=0,Width=0,Height=0}"," ","Inv #:",""," ","{X=1620,Y=530,Width=187,Height=66}","{X=0,Y=0,Width=0,Height=0}"," ","~063998","~","Unvalidated"
"C:\DevelopPF\Data\Forms\1BPPIndexed\English-US\Invoices\HillsCo\TampaSpring\Original\INV# 063998~PO# DPFM11164010~TAMPA SPRING COMPANY~04_26_2011~$837.23~_001.tif","ERROR no document field"," ","Purchase Order",""," ","GeneralText","GeneralText"," ","UnknownFormFieldGroup","UnknownFormFieldGroup"," ","{X=1470,Y=850,Width=122,Height=42}","{X=0,Y=0,Width=0,Height=0}"," ","PO#:",""," ","{X=1624,Y=846,Width=325,Height=50}","{X=0,Y=0,Width=0,Height=0}"," ","~dpf11164010","~","Unvalidated"
"C:\DevelopPF\Data\Forms\1BPPIndexed\English-US\Invoices\HillsCo\TampaSpring\Original\INV# 063998~PO# DPFM11164010~TAMPA SPRING COMPANY~04_26_2011~$837.23~_002.tif","ERROR no document field"," ","Invoice Date",""," ","Date","GeneralText"," ","CustomerFormFieldGroup","UnknownFormFieldGroup"," ","{X=1858,Y=495,Width=172,Height=58}","{X=0,Y=0,Width=0,Height=0}"," ","Date : ",""," ","{X=2029,Y=499,Width=252,Height=50}","{X=0,Y=0,Width=0,Height=0}"," ","~4/26/2011","~","Unvalidated"
"C:\DevelopPF\Data\Forms\1BPPIndexed\English-US\Invoices\HillsCo\TampaSpring\Original\INV# 063998~PO# DPFM11164010~TAMPA SPRING COMPANY~04_26_2011~$837.23~_002.tif","ERROR no document field"," ","Invoice Number",""," ","GeneralText","GeneralText"," ","UnknownFormFieldGroup","UnknownFormFieldGroup"," ","{X=1404,Y=540,Width=192,Height=53}","{X=0,Y=0,Width=0,Height=0}"," ","Inv #:",""," ","{X=1627,Y=540,Width=180,Height=57}","{X=0,Y=0,Width=0,Height=0}"," ","~063998","~","Unvalidated"
"C:\DevelopPF\Data\Forms\1BPPIndexed\English-US\Invoices\HillsCo\TampaSpring\Original\INV# 063998~PO# DPFM11164010~TAMPA SPRING COMPANY~04_26_2011~$837.23~_002.tif","ERROR no document field"," ","Purchase Order",""," ","GeneralText","GeneralText"," ","UnknownFormFieldGroup","UnknownFormFieldGroup"," ","{X=1473,Y=832,Width=123,Height=58}","{X=0,Y=0,Width=0,Height=0}"," ","PO#:",""," ","{X=1615,Y=836,Width=358,Height=58}","{X=0,Y=0,Width=0,Height=0}"," ","~dpf11164010","~","Unvalidated"
"C:\DevelopPF\Data\Forms\1BPPIndexed\English-US\Invoices\HillsCo\TampaSpring\Original\INV# 066064~PO# DPFM11164102~TAMPA SPRING COMPANY~08_15_2011~$427.83~3438_001.tif","ERROR no document field"," ","Invoice Date",""," ","Date","GeneralText"," ","CustomerFormFieldGroup","UnknownFormFieldGroup"," ","{X=1827,Y=502,Width=183,Height=46}","{X=0,Y=0,Width=0,Height=0}"," ","Date:",""," ","{X=2026,Y=502,Width=248,Height=46}","{X=0,Y=0,Width=0,Height=0}"," ","~8/11/2011","~","Unvalidated"
"C:\DevelopPF\Data\Forms\1BPPIndexed\English-US\Invoices\HillsCo\TampaSpring\Original\INV# 066064~PO# DPFM11164102~TAMPA SPRING COMPANY~08_15_2011~$427.83~3438_001.tif","ERROR no document field"," ","Invoice Number",""," ","GeneralText","GeneralText"," ","UnknownFormFieldGroup","UnknownFormFieldGroup"," ","{X=1406,Y=543,Width=187,Height=66}","{X=0,Y=0,Width=0,Height=0}"," ","Inv #:",""," ","{X=1612,Y=555,Width=184,Height=42}","{X=0,Y=0,Width=0,Height=0}"," ","~066064","~","Unvalidated"
"C:\DevelopPF\Data\Forms\1BPPIndexed\English-US\Invoices\HillsCo\TampaSpring\Original\INV# 066064~PO# DPFM11164102~TAMPA SPRING COMPANY~08_15_2011~$427.83~3438_001.tif","ERROR no document field"," ","Purchase Order",""," ","GeneralText","GeneralText"," ","UnknownFormFieldGroup","UnknownFormFieldGroup"," ","{X=1462,Y=835,Width=139,Height=57}","{X=0,Y=0,Width=0,Height=0}"," ","PO#: ",""," ","{X=1689,Y=855,Width=410,Height=41}","{X=0,Y=0,Width=0,Height=0}"," ","~","~","Unvalidated"
"C:\DevelopPF\Data\Forms\1BPPIndexed\English-US\Invoices\HillsCo\TampaSpring\Original\INV# 066064~PO# DPFM11164102~TAMPA SPRING COMPANY~08_15_2011~$427.83~3438_001.tif","ERROR no document field"," ","Total Due",""," ","GeneralText","GeneralText"," ","UnknownFormFieldGroup","UnknownFormFieldGroup"," ","{X=1843,Y=2828,Width=208,Height=29}","{X=0,Y=0,Width=0,Height=0}"," ","Total:",""," ","{X=2135,Y=2815,Width=191,Height=46}","{X=0,Y=0,Width=0,Height=0}"," ","~427.83","~","Unvalidated"
"C:\DevelopPF\Data\Forms\1BPPIndexed\English-US\Invoices\HillsCo\TampaSpring\Original\INV# 066235~PO# DPFM11164102~TAMPA SPRING COMPANY~08_24_2011~$346.92~_001.tif","ERROR no document field"," ","Invoice Date",""," ","Date","GeneralText"," ","CustomerFormFieldGroup","UnknownFormFieldGroup"," ","{X=1841,Y=498,Width=163,Height=45}","{X=0,Y=0,Width=0,Height=0}"," ","Date: ",""," ","{X=2023,Y=498,Width=248,Height=57}","{X=0,Y=0,Width=0,Height=0}"," ","~8/24/2011","~","Unvalidated"
"C:\DevelopPF\Data\Forms\1BPPIndexed\English-US\Invoices\HillsCo\TampaSpring\Original\INV# 066235~PO# DPFM11164102~TAMPA SPRING COMPANY~08_24_2011~$346.92~_001.tif","ERROR no document field"," ","Invoice Number",""," ","GeneralText","GeneralText"," ","UnknownFormFieldGroup","UnknownFormFieldGroup"," ","{X=1392,Y=530,Width=211,Height=66}","{X=0,Y=0,Width=0,Height=0}"," ","Inv #: ",""," ","{X=1614,Y=542,Width=192,Height=42}","{X=0,Y=0,Width=0,Height=0}"," ","~066235","~","Unvalidated"
"C:\DevelopPF\Data\Forms\1BPPIndexed\English-US\Invoices\HillsCo\TampaSpring\Original\INV# 066235~PO# DPFM11164102~TAMPA SPRING COMPANY~08_24_2011~$346.92~_001.tif","ERROR no document field"," ","Purchase Order",""," ","GeneralText","GeneralText"," ","UnknownFormFieldGroup","UnknownFormFieldGroup"," ","{X=1465,Y=833,Width=114,Height=54}","{X=0,Y=0,Width=0,Height=0}"," ","PO#:",""," ","{X=1602,Y=833,Width=361,Height=66}","{X=0,Y=0,Width=0,Height=0}"," ","~DPFM11164102","~","Unvalidated"
"C:\DevelopPF\Data\Forms\1BPPIndexed\English-US\Invoices\HillsCo\TampaSpring\Original\INV# 066235~PO# DPFM11164102~TAMPA SPRING COMPANY~08_24_2011~$346.92~_002.tif"," "," ","Invoice Date","Invoice Date"," ","Date","Date"," ","CustomerFormFieldGroup","CustomerFormFieldGroup","DIFF: Label Area:","{X=1847,Y=499,Width=151,Height=46}","{X=1850,Y=509,Width=135,Height=32}"," ","Date:","Date:","DIFF: Data Area:","{X=2030,Y=507,Width=232,Height=38}","{X=2029,Y=503,Width=227,Height=47}","DIFF: Data Text:","~8/24/2011","~O8f24fll","TemplateMatch, UserValidated"
"C:\DevelopPF\Data\Forms\1BPPIndexed\English-US\Invoices\HillsCo\TampaSpring\Original\INV# 066235~PO# DPFM11164102~TAMPA SPRING COMPANY~08_24_2011~$346.92~_002.tif"," "," ","Total Due","Total Due"," ","Currency","Currency"," ","SummaryFormFieldGroup","SummaryFormFieldGroup"," ","{X=1838,Y=2820,Width=165,Height=35}","{X=1838,Y=2820,Width=165,Height=35}"," ","Total :","Total :","DIFF: Data Area:","{X=2131,Y=2825,Width=180,Height=34}","{X=2134,Y=2825,Width=168,Height=35}","DIFF: Data Text:","~346.92","~346492","TemplateMatch, UserValidated"
"C:\DevelopPF\Data\Forms\1BPPIndexed\English-US\Invoices\HillsCo\TampaSpring\Original\INV# 066235~PO# DPFM11164102~TAMPA SPRING COMPANY~08_24_2011~$346.92~_002.tif"," "," ","Invoice Number","Invoice Number"," ","GeneralText","GeneralText"," ","UnknownFormFieldGroup","UnknownFormFieldGroup","DIFF: Label Area:","{X=1388,Y=548,Width=204,Height=46}","{X=1416,Y=553,Width=160,Height=37}"," ","Inv #:","Inv #:","DIFF: Data Area:","{X=1603,Y=544,Width=196,Height=50}","{X=1620,Y=555,Width=166,Height=32}"," ","~066235","~066235","TemplateMatch, UserValidated"
"C:\DevelopPF\Data\Forms\1BPPIndexed\English-US\Invoices\HillsCo\TampaSpring\Original\INV# 066235~PO# DPFM11164102~TAMPA SPRING COMPANY~08_24_2011~$346.92~_002.tif"," "," ","Purchase Order","Purchase Order"," ","GeneralText","GeneralText"," ","UnknownFormFieldGroup","UnknownFormFieldGroup","DIFF: Label Area:","{X=1461,Y=840,Width=127,Height=46}","{X=1471,Y=847,Width=104,Height=39}"," ","PO#:","PO#:","DIFF: Data Area:","{X=1607,Y=836,Width=375,Height=70}","{X=1614,Y=851,Width=347,Height=35}"," ","~DPFM11164102","~DPFM11164102","TemplateMatch, UserValidated"
"C:\DevelopPF\Data\Forms\1BPPIndexed\English-US\Invoices\HillsCo\TampaSpring\Original\INV# 066279~PO# DPFM11164102~TAMPA SPRING COMPANY~08_25_2011~$311.35~_001.tif","ERROR no document field"," ","Invoice Date",""," ","Date","GeneralText"," ","CustomerFormFieldGroup","UnknownFormFieldGroup"," ","{X=1835,Y=499,Width=159,Height=58}","{X=0,Y=0,Width=0,Height=0}"," ","Date:",""," ","{X=2017,Y=503,Width=241,Height=46}","{X=0,Y=0,Width=0,Height=0}"," ","~8/25/2011","~","Unvalidated"
"C:\DevelopPF\Data\Forms\1BPPIndexed\English-US\Invoices\HillsCo\TampaSpring\Original\INV# 066279~PO# DPFM11164102~TAMPA SPRING COMPANY~08_25_2011~$311.35~_001.tif","ERROR no document field"," ","Invoice Number",""," ","GeneralText","GeneralText"," ","UnknownFormFieldGroup","UnknownFormFieldGroup"," ","{X=1400,Y=544,Width=184,Height=58}","{X=0,Y=0,Width=0,Height=0}"," ","Inv #:",""," ","{X=1611,Y=548,Width=172,Height=42}","{X=0,Y=0,Width=0,Height=0}"," ","~065279","~","Unvalidated"
"C:\DevelopPF\Data\Forms\1BPPIndexed\English-US\Invoices\HillsCo\TampaSpring\Original\INV# 066279~PO# DPFM11164102~TAMPA SPRING COMPANY~08_25_2011~$311.35~_001.tif","ERROR no document field"," ","Purchase Order",""," ","GeneralText","GeneralText"," ","UnknownFormFieldGroup","UnknownFormFieldGroup"," ","{X=1457,Y=840,Width=119,Height=54}","{X=0,Y=0,Width=0,Height=0}"," ","PO#:",""," ","{X=1595,Y=848,Width=411,Height=58}","{X=0,Y=0,Width=0,Height=0}"," ","~DPRM11164/02","~","Unvalidated"
"C:\DevelopPF\Data\Forms\1BPPIndexed\English-US\Invoices\HillsCo\TampaSpring\Original\INV# 066279~PO# DPFM11164102~TAMPA SPRING COMPANY~08_25_2011~$311.35~_001.tif","ERROR no document field"," ","Total Due",""," ","GeneralText","GeneralText"," ","UnknownFormFieldGroup","UnknownFormFieldGroup"," ","{X=1843,Y=2817,Width=171,Height=50}","{X=0,Y=0,Width=0,Height=0}"," ","Total:",""," ","{X=2131,Y=2817,Width=184,Height=42}","{X=0,Y=0,Width=0,Height=0}"," ","~311.35","~","Unvalidated"
"C:\DevelopPF\Data\Forms\1BPPIndexed\English-US\Invoices\HillsCo\TampaSpring\Original\INV# 066846~PO# DPFM11164102~TAMPA SPRING COMPANY~09_26_2011~$590.06~3438_001.tif","ERROR no document field"," ","Invoice Date",""," ","Date","GeneralText"," ","CustomerFormFieldGroup","UnknownFormFieldGroup"," ","{X=1837,Y=496,Width=158,Height=57}","{X=0,Y=0,Width=0,Height=0}"," ","Date:",""," ","{X=2022,Y=496,Width=243,Height=53}","{X=0,Y=0,Width=0,Height=0}"," ","~9/26/2011","~","Unvalidated"
"C:\DevelopPF\Data\Forms\1BPPIndexed\English-US\Invoices\HillsCo\TampaSpring\Original\INV# 066846~PO# DPFM11164102~TAMPA SPRING COMPANY~09_26_2011~$590.06~3438_001.tif","ERROR no document field"," ","Invoice Number",""," ","GeneralText","GeneralText"," ","UnknownFormFieldGroup","UnknownFormFieldGroup"," ","{X=1398,Y=532,Width=194,Height=85}","{X=0,Y=0,Width=0,Height=0}"," ","Inv # :",""," ","{X=1620,Y=552,Width=178,Height=41}","{X=0,Y=0,Width=0,Height=0}"," ","~066846","~","Unvalidated"
"C:\DevelopPF\Data\Forms\1BPPIndexed\English-US\Invoices\HillsCo\TampaSpring\Original\INV# 066846~PO# DPFM11164102~TAMPA SPRING COMPANY~09_26_2011~$590.06~3438_001.tif","ERROR no document field"," ","Purchase Order",""," ","GeneralText","GeneralText"," ","UnknownFormFieldGroup","UnknownFormFieldGroup"," ","{X=1450,Y=842,Width=142,Height=57}","{X=0,Y=0,Width=0,Height=0}"," ","PO#:",""," ","{X=1607,Y=850,Width=384,Height=45}","{X=0,Y=0,Width=0,Height=0}"," ","~DFTM11164102","~","Unvalidated"
"C:\DevelopPF\Data\Forms\1BPPIndexed\English-US\Invoices\HillsCo\TampaSpring\Original\INV# 066846~PO# DPFM11164102~TAMPA SPRING COMPANY~09_26_2011~$590.06~3438_001.tif","ERROR no document field"," ","Total Due",""," ","GeneralText","GeneralText"," ","UnknownFormFieldGroup","UnknownFormFieldGroup"," ","{X=1865,Y=2812,Width=187,Height=53}","{X=0,Y=0,Width=0,Height=0}"," ","Total :",""," ","{X=2139,Y=2812,Width=219,Height=33}","{X=0,Y=0,Width=0,Height=0}"," ","~590.06","~","Unvalidated"
"C:\DevelopPF\Data\Forms\1BPPIndexed\English-US\Invoices\HillsCo\TampaSpring\Original\INV# 066846~PO# DPFM11164102~TAMPA SPRING COMPANY~09_26_2011~$590.06~3438_002.tif","ERROR no document field"," ","Invoice Date",""," ","Date","GeneralText"," ","CustomerFormFieldGroup","UnknownFormFieldGroup"," ","{X=1850,Y=508,Width=158,Height=45}","{X=0,Y=0,Width=0,Height=0}"," ","Date:",""," ","{X=2031,Y=512,Width=239,Height=37}","{X=0,Y=0,Width=0,Height=0}"," ","~9/26/2011","~","Unvalidated"
"C:\DevelopPF\Data\Forms\1BPPIndexed\English-US\Invoices\HillsCo\TampaSpring\Original\INV# 066846~PO# DPFM11164102~TAMPA SPRING COMPANY~09_26_2011~$590.06~3438_002.tif","ERROR no document field"," ","Invoice Number",""," ","GeneralText","GeneralText"," ","UnknownFormFieldGroup","UnknownFormFieldGroup"," ","{X=1403,Y=556,Width=202,Height=50}","{X=0,Y=0,Width=0,Height=0}"," ","Inv #:",""," ","{X=1628,Y=556,Width=175,Height=54}","{X=0,Y=0,Width=0,Height=0}"," ","~066846","~","Unvalidated"
"C:\DevelopPF\Data\Forms\1BPPIndexed\English-US\Invoices\HillsCo\TampaSpring\Original\INV# 066846~PO# DPFM11164102~TAMPA SPRING COMPANY~09_26_2011~$590.06~3438_002.tif","ERROR no document field"," ","Purchase Order",""," ","GeneralText","GeneralText"," ","UnknownFormFieldGroup","UnknownFormFieldGroup"," ","{X=1459,Y=854,Width=142,Height=46}","{X=0,Y=0,Width=0,Height=0}"," ","PO#:",""," ","{X=1612,Y=854,Width=372,Height=42}","{X=0,Y=0,Width=0,Height=0}"," ","~DPFM11164102","~","Unvalidated"
"C:\DevelopPF\Data\Forms\1BPPIndexed\English-US\Invoices\HillsCo\TampaSpring\Original\INV# 066847~PO# DPFM11164102~TAMPA SPRING COMPANY~09_26_2011~$230.75~3438_001.tif","ERROR no document field"," ","Invoice Date",""," ","Date","GeneralText"," ","CustomerFormFieldGroup","UnknownFormFieldGroup"," ","{X=1847,Y=504,Width=167,Height=50}","{X=0,Y=0,Width=0,Height=0}"," ","Date:",""," ","{X=2029,Y=500,Width=247,Height=50}","{X=0,Y=0,Width=0,Height=0}"," ","~9/26/2011","~","Unvalidated"
"C:\DevelopPF\Data\Forms\1BPPIndexed\English-US\Invoices\HillsCo\TampaSpring\Original\INV# 066847~PO# DPFM11164102~TAMPA SPRING COMPANY~09_26_2011~$230.75~3438_001.tif","ERROR no document field"," ","Invoice Number",""," ","GeneralText","GeneralText"," ","UnknownFormFieldGroup","UnknownFormFieldGroup"," ","{X=1412,Y=545,Width=186,Height=61}","{X=0,Y=0,Width=0,Height=0}"," ","Inv #:",""," ","{X=1617,Y=557,Width=191,Height=41}","{X=0,Y=0,Width=0,Height=0}"," ","~066847","~","Unvalidated"
"C:\DevelopPF\Data\Forms\1BPPIndexed\English-US\Invoices\HillsCo\TampaSpring\Original\INV# 066847~PO# DPFM11164102~TAMPA SPRING COMPANY~09_26_2011~$230.75~3438_001.tif","ERROR no document field"," ","Purchase Order",""," ","GeneralText","GeneralText"," ","UnknownFormFieldGroup","UnknownFormFieldGroup"," ","{X=1472,Y=855,Width=126,Height=50}","{X=0,Y=0,Width=0,Height=0}"," ","PO#:",""," ","{X=1617,Y=855,Width=377,Height=41}","{X=0,Y=0,Width=0,Height=0}"," ","~DFFM11164102","~","Unvalidated"
"C:\DevelopPF\Data\Forms\1BPPIndexed\English-US\Invoices\HillsCo\TampaSpring\Original\INV# 066847~PO# DPFM11164102~TAMPA SPRING COMPANY~09_26_2011~$230.75~3438_001.tif","ERROR no document field"," ","Total Due",""," ","GeneralText","GeneralText"," ","UnknownFormFieldGroup","UnknownFormFieldGroup"," ","{X=1872,Y=2823,Width=174,Height=54}","{X=0,Y=0,Width=0,Height=0}"," ","Total:",""," ","{X=2162,Y=2823,Width=191,Height=50}","{X=0,Y=0,Width=0,Height=0}"," ","~230.75","~","Unvalidated"
"C:\DevelopPF\Data\Forms\1BPPIndexed\English-US\Invoices\HillsCo\TampaSpring\Original\INV# 066858~PO# DPFM11164102~TAMPA SPRING COMPANY~09_27_2011~$3,593.48~3438_001.tif","ERROR no document field"," ","Invoice Date",""," ","GeneralText","GeneralText"," ","UnknownFormFieldGroup","UnknownFormFieldGroup"," ","{X=1836,Y=491,Width=154,Height=62}","{X=0,Y=0,Width=0,Height=0}"," ","Date:",""," ","{X=2014,Y=503,Width=250,Height=38}","{X=0,Y=0,Width=0,Height=0}"," ","~9/27/2011","~","Unvalidated"
"C:\DevelopPF\Data\Forms\1BPPIndexed\English-US\Invoices\HillsCo\TampaSpring\Original\INV# 066858~PO# DPFM11164102~TAMPA SPRING COMPANY~09_27_2011~$3,593.48~3438_001.tif","ERROR no document field"," ","Invoice Number",""," ","GeneralText","GeneralText"," ","UnknownFormFieldGroup","UnknownFormFieldGroup"," ","{X=1389,Y=536,Width=187,Height=61}","{X=0,Y=0,Width=0,Height=0}"," ","Inv #:",""," ","{X=1607,Y=548,Width=186,Height=41}","{X=0,Y=0,Width=0,Height=0}"," ","~066858","~","Unvalidated"
"C:\DevelopPF\Data\Forms\1BPPIndexed\English-US\Invoices\HillsCo\TampaSpring\Original\INV# 066858~PO# DPFM11164102~TAMPA SPRING COMPANY~09_27_2011~$3,593.48~3438_001.tif","ERROR no document field"," ","Purchase Order",""," ","GeneralText","GeneralText"," ","UnknownFormFieldGroup","UnknownFormFieldGroup"," ","{X=1462,Y=838,Width=118,Height=53}","{X=0,Y=0,Width=0,Height=0}"," ","PO#:",""," ","{X=1591,Y=838,Width=375,Height=57}","{X=0,Y=0,Width=0,Height=0}"," ","~DPFM11164102","~","Unvalidated"
"C:\DevelopPF\Data\Forms\1BPPIndexed\English-US\Invoices\HillsCo\TampaSpring\Original\INV# 066858~PO# DPFM11164102~TAMPA SPRING COMPANY~09_27_2011~$3,593.48~3438_002.tif","ERROR no document field"," ","Invoice Date",""," ","Date","GeneralText"," ","CustomerFormFieldGroup","UnknownFormFieldGroup"," ","{X=1833,Y=500,Width=170,Height=49}","{X=0,Y=0,Width=0,Height=0}"," ","Date :",""," ","{X=2018,Y=500,Width=255,Height=37}","{X=0,Y=0,Width=0,Height=0}"," ","~9/27/2011","~","Unvalidated"
"C:\DevelopPF\Data\Forms\1BPPIndexed\English-US\Invoices\HillsCo\TampaSpring\Original\INV# 066858~PO# DPFM11164102~TAMPA SPRING COMPANY~09_27_2011~$3,593.48~3438_002.tif","ERROR no document field"," ","Invoice Number",""," ","GeneralText","GeneralText"," ","UnknownFormFieldGroup","UnknownFormFieldGroup"," ","{X=1402,Y=544,Width=186,Height=53}","{X=0,Y=0,Width=0,Height=0}"," ","Inv #:",""," ","{X=1599,Y=548,Width=199,Height=45}","{X=0,Y=0,Width=0,Height=0}"," ","~066858","~","Unvalidated"
"C:\DevelopPF\Data\Forms\1BPPIndexed\English-US\Invoices\HillsCo\TampaSpring\Original\INV# 066858~PO# DPFM11164102~TAMPA SPRING COMPANY~09_27_2011~$3,593.48~3438_002.tif","ERROR no document field"," ","Purchase Order",""," ","GeneralText","GeneralText"," ","UnknownFormFieldGroup","UnknownFormFieldGroup"," ","{X=1466,Y=842,Width=130,Height=57}","{X=0,Y=0,Width=0,Height=0}"," ","PO#:",""," ","{X=1599,Y=834,Width=384,Height=65}","{X=0,Y=0,Width=0,Height=0}"," ","~DPFM11164102","~","Unvalidated"
"C:\DevelopPF\Data\Forms\1BPPIndexed\English-US\Invoices\HillsCo\TampaSpring\Original\INV# 066858~PO# DPFM11164102~TAMPA SPRING COMPANY~09_27_2011~$3,593.48~3438_003.tif"," "," ","Invoice Date","Invoice Date"," ","Date","Date"," ","CustomerFormFieldGroup","CustomerFormFieldGroup","DIFF: Label Area:","{X=1837,Y=492,Width=158,Height=57}","{X=1843,Y=495,Width=135,Height=40}"," ","Date :","Date :","DIFF: Data Area:","{X=2010,Y=492,Width=251,Height=57}","{X=2022,Y=495,Width=226,Height=47}"," ","~9/27/2011","~09/27/11","TemplateMatch, UserValidated"
"C:\DevelopPF\Data\Forms\1BPPIndexed\English-US\Invoices\HillsCo\TampaSpring\Original\INV# 066858~PO# DPFM11164102~TAMPA SPRING COMPANY~09_27_2011~$3,593.48~3438_003.tif"," "," ","Total Due","Total Due"," ","Currency","Currency"," ","SummaryFormFieldGroup","SummaryFormFieldGroup"," ","{X=1844,Y=2815,Width=164,Height=35}","{X=1844,Y=2815,Width=164,Height=35}"," ","Total :","Total :"," ","{X=2109,Y=2816,Width=200,Height=34}","{X=2109,Y=2816,Width=200,Height=34}"," ","~3593.48","~3593.48","TemplateMatch, UserValidated"
"C:\DevelopPF\Data\Forms\1BPPIndexed\English-US\Invoices\HillsCo\TampaSpring\Original\INV# 066858~PO# DPFM11164102~TAMPA SPRING COMPANY~09_27_2011~$3,593.48~3438_003.tif"," "," ","Invoice Number","Invoice Number"," ","GeneralText","GeneralText"," ","UnknownFormFieldGroup","UnknownFormFieldGroup","DIFF: Label Area:","{X=1382,Y=532,Width=214,Height=65}","{X=1409,Y=546,Width=206,Height=40}"," ","Inv #: ","Inv #: ","DIFF: Data Area:","{X=1607,Y=536,Width=183,Height=69}","{X=1615,Y=550,Width=165,Height=34}"," ","~066858","~066858","TemplateMatch, UserValidated"
"C:\DevelopPF\Data\Forms\1BPPIndexed\English-US\Invoices\HillsCo\TampaSpring\Original\INV# 066858~PO# DPFM11164102~TAMPA SPRING COMPANY~09_27_2011~$3,593.48~3438_003.tif"," "," ","Purchase Order","Purchase Order"," ","GeneralText","GeneralText"," ","UnknownFormFieldGroup","UnknownFormFieldGroup","DIFF: Label Area:","{X=1450,Y=842,Width=134,Height=45}","{X=1466,Y=844,Width=102,Height=40}"," ","PO#:","PO#:","DIFF: Data Area:","{X=1595,Y=842,Width=368,Height=45}","{X=1609,Y=848,Width=345,Height=34}"," ","~DPFM11164102","~DPFM11164102","TemplateMatch, UserValidated"
"C:\DevelopPF\Data\Forms\1BPPIndexed\English-US\Invoices\HillsCo\TampaSpring\Original\INV# 066896~PO# DPFM11164102~TAMPA SPRING COMPANY~09_28_2011~$174.33~3438_001.tif","ERROR no document field"," ","Invoice Date",""," ","Date","GeneralText"," ","CustomerFormFieldGroup","UnknownFormFieldGroup"," ","{X=1825,Y=497,Width=166,Height=41}","{X=0,Y=0,Width=0,Height=0}"," ","Date:",""," ","{X=2010,Y=492,Width=256,Height=62}","{X=0,Y=0,Width=0,Height=0}"," ","~9/28/2011","~","Unvalidated"
"C:\DevelopPF\Data\Forms\1BPPIndexed\English-US\Invoices\HillsCo\TampaSpring\Original\INV# 066896~PO# DPFM11164102~TAMPA SPRING COMPANY~09_28_2011~$174.33~3438_001.tif","ERROR no document field"," ","Invoice Number",""," ","GeneralText","GeneralText"," ","UnknownFormFieldGroup","UnknownFormFieldGroup"," ","{X=1405,Y=541,Width=170,Height=45}","{X=0,Y=0,Width=0,Height=0}"," ","Inv #:",""," ","{X=1611,Y=537,Width=186,Height=45}","{X=0,Y=0,Width=0,Height=0}"," ","~066896","~","Unvalidated"
"C:\DevelopPF\Data\Forms\1BPPIndexed\English-US\Invoices\HillsCo\TampaSpring\Original\INV# 066896~PO# DPFM11164102~TAMPA SPRING COMPANY~09_28_2011~$174.33~3438_001.tif","ERROR no document field"," ","Purchase Order",""," ","GeneralText","GeneralText"," ","UnknownFormFieldGroup","UnknownFormFieldGroup"," ","{X=1445,Y=836,Width=130,Height=45}","{X=0,Y=0,Width=0,Height=0}"," ","PO#:",""," ","{X=1599,Y=828,Width=368,Height=61}","{X=0,Y=0,Width=0,Height=0}"," ","~DPFM11164102","~","Unvalidated"
"C:\DevelopPF\Data\Forms\1BPPIndexed\English-US\Invoices\HillsCo\TampaSpring\Original\INV# 066896~PO# DPFM11164102~TAMPA SPRING COMPANY~09_28_2011~$174.33~3438_001.tif","ERROR no document field"," ","Total Due",""," ","GeneralText","GeneralText"," ","UnknownFormFieldGroup","UnknownFormFieldGroup"," ","{X=1837,Y=2801,Width=186,Height=38}","{X=0,Y=0,Width=0,Height=0}"," ","Total:",""," ","{X=2123,Y=2793,Width=195,Height=54}","{X=0,Y=0,Width=0,Height=0}"," ","~174.33","~","Unvalidated"
"C:\DevelopPF\Data\Forms\1BPPIndexed\English-US\Invoices\HillsCo\TampaSpring\Original\INV# 066914~PO# DPFM11164102~TAMPA SPRING COMPANY~09_29_2011~$597.56~_001.tif","ERROR no document field"," ","Invoice Date",""," ","Date","GeneralText"," ","CustomerFormFieldGroup","UnknownFormFieldGroup"," ","{X=1813,Y=491,Width=194,Height=69}","{X=0,Y=0,Width=0,Height=0}"," ","Date: ",""," ","{X=2010,Y=495,Width=251,Height=61}","{X=0,Y=0,Width=0,Height=0}"," ","~9/29/2011","~","Unvalidated"
"C:\DevelopPF\Data\Forms\1BPPIndexed\English-US\Invoices\HillsCo\TampaSpring\Original\INV# 066914~PO# DPFM11164102~TAMPA SPRING COMPANY~09_29_2011~$597.56~_001.tif","ERROR no document field"," ","Invoice Number",""," ","GeneralText","GeneralText"," ","UnknownFormFieldGroup","UnknownFormFieldGroup"," ","{X=1375,Y=543,Width=186,Height=65}","{X=0,Y=0,Width=0,Height=0}"," ","Inv #:",""," ","{X=1584,Y=555,Width=198,Height=53}","{X=0,Y=0,Width=0,Height=0}"," ","~066914","~","Unvalidated"
"C:\DevelopPF\Data\Forms\1BPPIndexed\English-US\Invoices\HillsCo\TampaSpring\Original\INV# 066914~PO# DPFM11164102~TAMPA SPRING COMPANY~09_29_2011~$597.56~_001.tif","ERROR no document field"," ","Purchase Order",""," ","GeneralText","GeneralText"," ","UnknownFormFieldGroup","UnknownFormFieldGroup"," ","{X=1439,Y=856,Width=134,Height=50}","{X=0,Y=0,Width=0,Height=0}"," ","PO#:",""," ","{X=1592,Y=856,Width=403,Height=46}","{X=0,Y=0,Width=0,Height=0}"," ","~BPCW09000211","~","Unvalidated"
"C:\DevelopPF\Data\Forms\1BPPIndexed\English-US\Invoices\HillsCo\TampaSpring\Original\INV# 066914~PO# DPFM11164102~TAMPA SPRING COMPANY~09_29_2011~$597.56~_003.tif"," "," ","Invoice Date","Invoice Date"," ","Date","Date"," ","CustomerFormFieldGroup","CustomerFormFieldGroup","DIFF: Label Area:","{X=1831,Y=483,Width=170,Height=69}","{X=1837,Y=507,Width=138,Height=30}"," ","Date:","Date:","DIFF: Data Area:","{X=2012,Y=491,Width=246,Height=57}","{X=2021,Y=497,Width=231,Height=46}","DIFF: Data Text:","~9/29/2011","~09729/11","TemplateMatch, UserValidated"
"C:\DevelopPF\Data\Forms\1BPPIndexed\English-US\Invoices\HillsCo\TampaSpring\Original\INV# 066914~PO# DPFM11164102~TAMPA SPRING COMPANY~09_29_2011~$597.56~_003.tif"," "," ","Invoice Number","Invoice Number"," ","GeneralText","GeneralText"," ","UnknownFormFieldGroup","UnknownFormFieldGroup","DIFF: Label Area:","{X=1376,Y=547,Width=194,Height=58}","{X=1392,Y=553,Width=164,Height=39}"," ","Inv #:","Inv #:","DIFF: Data Area:","{X=1581,Y=551,Width=207,Height=46}","{X=1601,Y=558,Width=170,Height=31}"," ","~066914","~066914","TemplateMatch, UserValidated"
"C:\DevelopPF\Data\Forms\1BPPIndexed\English-US\Invoices\HillsCo\TampaSpring\Original\INV# 066914~PO# DPFM11164102~TAMPA SPRING COMPANY~09_29_2011~$597.56~_003.tif"," "," ","Purchase Order","Purchase Order"," ","GeneralText","GeneralText"," ","UnknownFormFieldGroup","UnknownFormFieldGroup","DIFF: Label Area:","{X=1441,Y=849,Width=141,Height=53}","{X=1453,Y=859,Width=105,Height=38}"," ","PO#:","PO#:","DIFF: Data Area:","{X=1581,Y=849,Width=404,Height=53}","{X=1600,Y=861,Width=355,Height=33}"," ","~BPCW09000211","~BPCW09000211","TemplateMatch, UserValidated"
"C:\DevelopPF\Data\Forms\1BPPIndexed\English-US\Invoices\HillsCo\TampaSpring\Original\INV# 066914~PO# DPFM11164102~TAMPA SPRING COMPANY~09_29_2011~$597.56~_003.tif"," "," ","Total Due","Total Due","DIFF: Recognition Field Type:","GeneralText","Currency"," ","UnknownFormFieldGroup","UnknownFormFieldGroup","DIFF: Label Area:","{X=1851,Y=2873,Width=202,Height=41}","{X=1882,Y=2874,Width=146,Height=40}"," ","Total :","Total :","DIFF: Data Area:","{X=2161,Y=2865,Width=182,Height=41}","{X=2163,Y=2871,Width=170,Height=40}"," ","~597.56","~597 . 56","TemplateMatch, UserValidated"
"C:\DevelopPF\Data\Forms\1BPPIndexed\English-US\Invoices\HillsCo\TampaSpring\Original\INV# 067305~PO#~TAMPA SPRING COMPANY~10_20_2011~$4,276.13~4908_002.tif","ERROR no document field"," ","Invoice Date",""," ","Date","GeneralText"," ","CustomerFormFieldGroup","UnknownFormFieldGroup"," ","{X=1859,Y=512,Width=171,Height=46}","{X=0,Y=0,Width=0,Height=0}"," ","Date: ",""," ","{X=2042,Y=500,Width=273,Height=62}","{X=0,Y=0,Width=0,Height=0}"," ","~10/20/2011","~","Unvalidated"
"C:\DevelopPF\Data\Forms\1BPPIndexed\English-US\Invoices\HillsCo\TampaSpring\Original\INV# 067305~PO#~TAMPA SPRING COMPANY~10_20_2011~$4,276.13~4908_002.tif","ERROR no document field"," ","Invoice Number",""," ","GeneralText","GeneralText"," ","UnknownFormFieldGroup","UnknownFormFieldGroup"," ","{X=1407,Y=565,Width=205,Height=38}","{X=0,Y=0,Width=0,Height=0}"," "," Inv # :",""," ","{X=1623,Y=553,Width=200,Height=54}","{X=0,Y=0,Width=0,Height=0}"," ","~067305","~","Unvalidated"
"C:\DevelopPF\Data\Forms\1BPPIndexed\English-US\Invoices\HillsCo\TampaSpring\Original\INV# 067305~PO#~TAMPA SPRING COMPANY~10_20_2011~$4,276.13~4908_002.tif","ERROR no document field"," ","Purchase Order",""," ","GeneralText","GeneralText"," ","UnknownFormFieldGroup","UnknownFormFieldGroup"," ","{X=1484,Y=862,Width=123,Height=34}","{X=0,Y=0,Width=0,Height=0}"," ","PO# :",""," ","{X=1623,Y=854,Width=375,Height=50}","{X=0,Y=0,Width=0,Height=0}"," ","~DPFM414464044 ","~","Unvalidated"
"C:\DevelopPF\Data\Forms\1BPPIndexed\English-US\Invoices\HillsCo\TampaSpring\Original\INV# 067305~PO#~TAMPA SPRING COMPANY~10_20_2011~$4,276.13~4908_002.tif","ERROR no document field"," ","Total Due",""," ","GeneralText","GeneralText"," ","UnknownFormFieldGroup","UnknownFormFieldGroup"," ","{X=1846,Y=2822,Width=176,Height=50}","{X=0,Y=0,Width=0,Height=0}"," ","Total :",""," ","{X=2094,Y=2822,Width=233,Height=54}","{X=0,Y=0,Width=0,Height=0}"," ","~4276.13","~","Unvalidated"
"C:\DevelopPF\Data\Forms\1BPPIndexed\English-US\Invoices\HillsCo\TampaSpring\Original\INV# 067305~PO#~TAMPA SPRING COMPANY~10_20_2011~$4,276.13~4908_003.tif"," "," ","Invoice Date","Invoice Date"," ","Date","Date"," ","CustomerFormFieldGroup","CustomerFormFieldGroup","DIFF: Label Area:","{X=1846,Y=517,Width=176,Height=57}","{X=1855,Y=529,Width=130,Height=34}"," ","Date :","Date :","DIFF: Data Area:","{X=2033,Y=525,Width=246,Height=49}","{X=2037,Y=529,Width=232,Height=37}","DIFF: Data Text:","~10/20/2011","~10120/ 11","TemplateMatch, UserValidated"
"C:\DevelopPF\Data\Forms\1BPPIndexed\English-US\Invoices\HillsCo\TampaSpring\Original\INV# 067305~PO#~TAMPA SPRING COMPANY~10_20_2011~$4,276.13~4908_003.tif"," "," ","Invoice Number","Invoice Number"," ","GeneralText","GeneralText"," ","UnknownFormFieldGroup","UnknownFormFieldGroup","DIFF: Label Area:","{X=1391,Y=561,Width=208,Height=62}","{X=1414,Y=575,Width=204,Height=41}"," ","Inv # : ","Inv # : ","DIFF: Data Area:","{X=1606,Y=573,Width=205,Height=46}","{X=1621,Y=578,Width=171,Height=34}"," ","~067305","~067305","TemplateMatch, UserValidated"
"C:\DevelopPF\Data\Forms\1BPPIndexed\English-US\Invoices\HillsCo\TampaSpring\Original\INV# 067305~PO#~TAMPA SPRING COMPANY~10_20_2011~$4,276.13~4908_003.tif","ERROR no document field"," ","Purchase Order",""," ","GeneralText","GeneralText"," ","UnknownFormFieldGroup","UnknownFormFieldGroup"," ","{X=1472,Y=866,Width=123,Height=54}","{X=0,Y=0,Width=0,Height=0}"," ","PO# :",""," ","{X=1611,Y=870,Width=375,Height=42}","{X=0,Y=0,Width=0,Height=0}"," ","~DPFM11164041","~","Unvalidated"
"C:\DevelopPF\Data\Forms\1BPPIndexed\English-US\Invoices\HillsCo\TampaSpring\Original\INV# 067389~PO# DPFM12164015~TAMPA SPRING COMPANY~10_26_2011~$1,573.55~_001.tif","ERROR no document field"," ","Invoice Date",""," ","Date","GeneralText"," ","CustomerFormFieldGroup","UnknownFormFieldGroup"," ","{X=1839,Y=507,Width=158,Height=41}","{X=0,Y=0,Width=0,Height=0}"," ","Date:",""," ","{X=2016,Y=499,Width=254,Height=61}","{X=0,Y=0,Width=0,Height=0}"," ","~10/26/2011","~","Unvalidated"
"C:\DevelopPF\Data\Forms\1BPPIndexed\English-US\Invoices\HillsCo\TampaSpring\Original\INV# 067389~PO# DPFM12164015~TAMPA SPRING COMPANY~10_26_2011~$1,573.55~_001.tif","ERROR no document field"," ","Invoice Number",""," ","GeneralText","GeneralText"," ","UnknownFormFieldGroup","UnknownFormFieldGroup"," ","{X=1372,Y=543,Width=198,Height=62}","{X=0,Y=0,Width=0,Height=0}"," ","Inv #:",""," ","{X=1593,Y=551,Width=203,Height=46}","{X=0,Y=0,Width=0,Height=0}"," ","~067389","~","Unvalidated"
"C:\DevelopPF\Data\Forms\1BPPIndexed\English-US\Invoices\HillsCo\TampaSpring\Original\INV# 067389~PO# DPFM12164015~TAMPA SPRING COMPANY~10_26_2011~$1,573.55~_001.tif","ERROR no document field"," ","Purchase Order",""," ","GeneralText","GeneralText"," ","UnknownFormFieldGroup","UnknownFormFieldGroup"," ","{X=1441,Y=857,Width=125,Height=53}","{X=0,Y=0,Width=0,Height=0}"," ","PO#:",""," ","{X=1585,Y=861,Width=388,Height=41}","{X=0,Y=0,Width=0,Height=0}"," ","~DPFM12164015","~","Unvalidated"
"C:\DevelopPF\Data\Forms\1BPPIndexed\English-US\Invoices\HillsCo\TampaSpring\Original\INV# 067389~PO# DPFM12164015~TAMPA SPRING COMPANY~10_26_2011~$1,573.55~_001.tif","ERROR no document field"," ","Total Due",""," ","GeneralText","GeneralText"," ","UnknownFormFieldGroup","UnknownFormFieldGroup"," ","{X=1851,Y=2897,Width=206,Height=37}","{X=0,Y=0,Width=0,Height=0}"," ","Total :",""," ","{X=2117,Y=2877,Width=242,Height=53}","{X=0,Y=0,Width=0,Height=0}"," ","~1573.55","~","Unvalidated"
"C:\DevelopPF\Data\Forms\1BPPIndexed\English-US\Invoices\HillsCo\TampaSpring\Original\INV# 067389~PO# DPFM12164015~TAMPA SPRING COMPANY~10_26_2011~$1,573.55~_003.tif"," "," ","Invoice Date","Invoice Date"," ","Date","Date"," ","CustomerFormFieldGroup","CustomerFormFieldGroup","DIFF: Label Area:","{X=1812,Y=498,Width=182,Height=57}","{X=1839,Y=500,Width=160,Height=38}"," ","Date: ","Date: ","DIFF: Data Area:","{X=2005,Y=502,Width=262,Height=37}","{X=2023,Y=500,Width=232,Height=45}","DIFF: Data Text:","~10/26/2011","~l0f26/11","TemplateMatch, UserValidated"
"C:\DevelopPF\Data\Forms\1BPPIndexed\English-US\Invoices\HillsCo\TampaSpring\Original\INV# 067389~PO# DPFM12164015~TAMPA SPRING COMPANY~10_26_2011~$1,573.55~_003.tif"," "," ","Invoice Number","Invoice Number"," ","GeneralText","GeneralText"," ","UnknownFormFieldGroup","UnknownFormFieldGroup","DIFF: Label Area:","{X=1390,Y=542,Width=182,Height=66}","{X=1393,Y=555,Width=164,Height=38}"," ","Inv #:","Inv #:","DIFF: Data Area:","{X=1587,Y=546,Width=194,Height=58}","{X=1603,Y=559,Width=171,Height=30}"," ","~067389","~067389","TemplateMatch, UserValidated"
"C:\DevelopPF\Data\Forms\1BPPIndexed\English-US\Invoices\HillsCo\TampaSpring\Original\INV# 067389~PO# DPFM12164015~TAMPA SPRING COMPANY~10_26_2011~$1,573.55~_003.tif"," "," ","Purchase Order","Purchase Order"," ","GeneralText","GeneralText"," ","UnknownFormFieldGroup","UnknownFormFieldGroup","DIFF: Label Area:","{X=1454,Y=860,Width=118,Height=41}","{X=1453,Y=860,Width=105,Height=38}"," ","PO#:","PO#:","DIFF: Data Area:","{X=1591,Y=852,Width=395,Height=49}","{X=1600,Y=863,Width=355,Height=31}"," ","~DPFM12164015","~DPFM12164015","TemplateMatch, UserValidated"
"C:\DevelopPF\Data\Forms\1BPPIndexed\English-US\Invoices\HillsCo\TampaSpring\Original\INV# 067437~PO# DPFM12164015~TAMPA SPRING COMPANY~10_28_2011~$1,611.48~_001.tif","ERROR no document field"," ","Invoice Date",""," ","Date","GeneralText"," ","CustomerFormFieldGroup","UnknownFormFieldGroup"," ","{X=1839,Y=454,Width=170,Height=61}","{X=0,Y=0,Width=0,Height=0}"," ","Date: ",""," ","{X=2024,Y=454,Width=234,Height=69}","{X=0,Y=0,Width=0,Height=0}"," ","~10/28/2011","~","Unvalidated"
"C:\DevelopPF\Data\Forms\1BPPIndexed\English-US\Invoices\HillsCo\TampaSpring\Original\INV# 067437~PO# DPFM12164015~TAMPA SPRING COMPANY~10_28_2011~$1,611.48~_001.tif"," "," ","Total Due","Total Due"," ","Currency","Currency"," ","SummaryFormFieldGroup","SummaryFormFieldGroup"," ","{X=1833,Y=2792,Width=160,Height=32}","{X=1833,Y=2792,Width=160,Height=32}"," ","Total :","Total :"," ","{X=2093,Y=2793,Width=194,Height=32}","{X=2093,Y=2793,Width=194,Height=32}"," ","~1611.48","~1611.48","Unvalidated"
"C:\DevelopPF\Data\Forms\1BPPIndexed\English-US\Invoices\HillsCo\TampaSpring\Original\INV# 067437~PO# DPFM12164015~TAMPA SPRING COMPANY~10_28_2011~$1,611.48~_001.tif","ERROR no document field"," ","Purchase Order",""," ","GeneralText","GeneralText"," ","CustomerFormFieldGroup","UnknownFormFieldGroup"," ","{X=1458,Y=799,Width=133,Height=61}","{X=0,Y=0,Width=0,Height=0}"," ","PO# :",""," ","{X=1606,Y=807,Width=371,Height=53}","{X=0,Y=0,Width=0,Height=0}"," ","~DPFM12164015","~","Unvalidated"
"C:\DevelopPF\Data\Forms\1BPPIndexed\English-US\Invoices\HillsCo\TampaSpring\Original\INV# 067437~PO# DPFM12164015~TAMPA SPRING COMPANY~10_28_2011~$1,611.48~_001.tif","ERROR no document field"," ","Invoice Number",""," ","GeneralText","GeneralText"," ","UnknownFormFieldGroup","UnknownFormFieldGroup"," ","{X=1402,Y=502,Width=193,Height=57}","{X=0,Y=0,Width=0,Height=0}"," ","Inv #:",""," ","{X=1622,Y=510,Width=190,Height=37}","{X=0,Y=0,Width=0,Height=0}"," ","~067437","~","Unvalidated"
"C:\DevelopPF\Data\Forms\1BPPIndexed\English-US\Invoices\HillsCo\TampaSpring\Original\INV# 067437~PO# DPFM12164015~TAMPA SPRING COMPANY~10_28_2011~$1,611.48~_002.tif"," "," ","Invoice Date","Invoice Date"," ","Date","Date"," ","CustomerFormFieldGroup","CustomerFormFieldGroup","DIFF: Label Area:","{X=1805,Y=535,Width=146,Height=49}","{X=1810,Y=547,Width=127,Height=32}"," ","Date :","Date :","DIFF: Data Area:","{X=1970,Y=535,Width=226,Height=57}","{X=1976,Y=540,Width=211,Height=49}","DIFF: Data Text:","~10/28/2011","~lOIQBfi%","TemplateMatch, UserValidated"
"C:\DevelopPF\Data\Forms\1BPPIndexed\English-US\Invoices\HillsCo\TampaSpring\Original\INV# 067437~PO# DPFM12164015~TAMPA SPRING COMPANY~10_28_2011~$1,611.48~_002.tif","ERROR no document field"," ","Purchase Order",""," ","GeneralText","GeneralText"," ","UnknownFormFieldGroup","UnknownFormFieldGroup"," ","{X=1447,Y=860,Width=114,Height=50}","{X=0,Y=0,Width=0,Height=0}"," ","PO # :",""," ","{X=1584,Y=860,Width=556,Height=58}","{X=0,Y=0,Width=0,Height=0}"," ","~DPFM12164015","~","Unvalidated"
"C:\DevelopPF\Data\Forms\1BPPIndexed\English-US\Invoices\HillsCo\TampaSpring\Original\INV# 067437~PO# DPFM12164015~TAMPA SPRING COMPANY~10_28_2011~$1,611.48~_002.tif","ERROR no document field"," ","Total Due",""," ","GeneralText","GeneralText"," ","UnknownFormFieldGroup","UnknownFormFieldGroup"," ","{X=1789,Y=2710,Width=190,Height=45}","{X=0,Y=0,Width=0,Height=0}"," ","Total :",""," ","{X=2030,Y=2706,Width=223,Height=57}","{X=0,Y=0,Width=0,Height=0}"," ","~1610.48","~","Unvalidated"
"C:\DevelopPF\Data\Forms\1BPPIndexed\English-US\Invoices\HillsCo\TampaSpring\Original\INV# 067437~PO# DPFM12164015~TAMPA SPRING COMPANY~10_28_2011~$1,611.48~_002.tif","ERROR no document field"," ","Invoice Number",""," ","GeneralText","GeneralText"," ","UnknownFormFieldGroup","UnknownFormFieldGroup"," ","{X=1395,Y=575,Width=182,Height=49}","{X=0,Y=0,Width=0,Height=0}"," ","Inv # :",""," ","{X=1592,Y=571,Width=162,Height=57}","{X=0,Y=0,Width=0,Height=0}"," ","~","~","Unvalidated"
"C:\DevelopPF\Data\Forms\1BPPIndexed\English-US\Invoices\HillsCo\TampaSpring\Original\INV# 067672~PO# DPFM12164015~TAMPA SPRING COMPANY~11_09_2011~$304.85~_001.tif"," "," ","Invoice Date","Invoice Date"," ","Date","Date"," ","CustomerFormFieldGroup","CustomerFormFieldGroup","DIFF: Label Area:","{X=1846,Y=491,Width=163,Height=50}","{X=1860,Y=494,Width=136,Height=32}"," ","Date:","Date:","DIFF: Data Area:","{X=2029,Y=479,Width=248,Height=58}","{X=2040,Y=488,Width=227,Height=44}","DIFF: Data Text:","~11/9/2011","~llf09fll","TemplateMatch, UserValidated"
"C:\DevelopPF\Data\Forms\1BPPIndexed\English-US\Invoices\HillsCo\TampaSpring\Original\INV# 067672~PO# DPFM12164015~TAMPA SPRING COMPANY~11_09_2011~$304.85~_001.tif"," "," ","Total Due","Total Due"," ","Currency","Currency"," ","SummaryFormFieldGroup","SummaryFormFieldGroup"," ","{X=1864,Y=2808,Width=165,Height=35}","{X=1864,Y=2808,Width=165,Height=35}"," ","Total :","Total :","DIFF: Data Area:","{X=2154,Y=2804,Width=196,Height=45}","{X=2161,Y=2812,Width=168,Height=30}"," ","~304.85","~304 . 85","TemplateMatch, UserValidated"
"C:\DevelopPF\Data\Forms\1BPPIndexed\English-US\Invoices\HillsCo\TampaSpring\Original\INV# 067672~PO# DPFM12164015~TAMPA SPRING COMPANY~11_09_2011~$304.85~_001.tif"," "," ","Invoice Number","Invoice Number"," ","GeneralText","GeneralText"," ","UnknownFormFieldGroup","UnknownFormFieldGroup","DIFF: Label Area:","{X=1408,Y=527,Width=192,Height=62}","{X=1425,Y=536,Width=161,Height=41}"," ","Inv #:","Inv #:","DIFF: Data Area:","{X=1627,Y=532,Width=192,Height=41}","{X=1630,Y=536,Width=166,Height=40}","DIFF: Data Text:","~067672","~047672","TemplateMatch, UserValidated"
"C:\DevelopPF\Data\Forms\1BPPIndexed\English-US\Invoices\HillsCo\TampaSpring\Original\INV# 067672~PO# DPFM12164015~TAMPA SPRING COMPANY~11_09_2011~$304.85~_001.tif","Field Error"," ","Purchase Order","Purchase Order"," ","GeneralText","GeneralText"," ","UnknownFormFieldGroup","UnknownFormFieldGroup","ERROR: Label Area:","{X=1461,Y=824,Width=155,Height=62}","{X=1481,Y=791,Width=150,Height=33}"," ","PO#: ","PO#: ","DIFF: Data Area:","{X=1615,Y=828,Width=374,Height=53}","{X=0,Y=0,Width=0,Height=0}","ERROR: Data Text:","~DPFM12164015","~","TemplateMatch, UserValidated"
"C:\DevelopPF\Data\Forms\1BPPIndexed\English-US\Invoices\HillsCo\TampaSpring\Original\INV# 067942~PO# DPFM12164015~TAMPA SPRING COMPANY~11_22_2011~$2,146.93~3438_001.tif","ERROR no document field"," ","Invoice Date",""," ","Date","GeneralText"," ","CustomerFormFieldGroup","UnknownFormFieldGroup"," ","{X=1841,Y=483,Width=154,Height=74}","{X=0,Y=0,Width=0,Height=0}"," ","Date:",""," ","{X=2006,Y=496,Width=263,Height=57}","{X=0,Y=0,Width=0,Height=0}"," ","~11/22/2011","~","Unvalidated"
"C:\DevelopPF\Data\Forms\1BPPIndexed\English-US\Invoices\HillsCo\TampaSpring\Original\INV# 067942~PO# DPFM12164015~TAMPA SPRING COMPANY~11_22_2011~$2,146.93~3438_001.tif","Field Error"," ","Total Due","Total Due"," ","Currency","Currency"," ","SummaryFormFieldGroup","SummaryFormFieldGroup"," ","{X=1871,Y=2876,Width=169,Height=34}","{X=1871,Y=2876,Width=169,Height=34}"," ","Total :","Total :","DIFF: Data Area:","{X=2139,Y=2876,Width=227,Height=38}","{X=0,Y=0,Width=0,Height=0}","ERROR: Data Text:","~2146.93","~","Unvalidated"
"C:\DevelopPF\Data\Forms\1BPPIndexed\English-US\Invoices\HillsCo\TampaSpring\Original\INV# 067942~PO# DPFM12164015~TAMPA SPRING COMPANY~11_22_2011~$2,146.93~3438_001.tif","ERROR no document field"," ","Invoice Number",""," ","GeneralText","GeneralText"," ","UnknownFormFieldGroup","UnknownFormFieldGroup"," ","{X=1386,Y=544,Width=194,Height=57}","{X=0,Y=0,Width=0,Height=0}"," ","Inv #:",""," ","{X=1599,Y=552,Width=199,Height=45}","{X=0,Y=0,Width=0,Height=0}"," ","~067942","~","Unvalidated"
"C:\DevelopPF\Data\Forms\1BPPIndexed\English-US\Invoices\HillsCo\TampaSpring\Original\INV# 067942~PO# DPFM12164015~TAMPA SPRING COMPANY~11_22_2011~$2,146.93~3438_001.tif","ERROR no document field"," ","Purchase Order",""," ","GeneralText","GeneralText"," ","UnknownFormFieldGroup","UnknownFormFieldGroup"," ","{X=1446,Y=854,Width=138,Height=57}","{X=0,Y=0,Width=0,Height=0}"," ","PO#:",""," ","{X=1599,Y=850,Width=376,Height=61}","{X=0,Y=0,Width=0,Height=0}"," ","~DPFM12164015","~","Unvalidated"
"C:\DevelopPF\Data\Forms\1BPPIndexed\English-US\Invoices\HillsCo\TampaSpring\Original\INV# 067942~PO# DPFM12164015~TAMPA SPRING COMPANY~11_22_2011~$2,146.93~3438_003.tif"," "," ","Invoice Date","Invoice Date"," ","Date","Date"," ","CustomerFormFieldGroup","CustomerFormFieldGroup","DIFF: Label Area:","{X=1841,Y=500,Width=174,Height=53}","{X=1855,Y=509,Width=138,Height=32}"," ","Date :","Date :","DIFF: Data Area:","{X=2034,Y=508,Width=271,Height=37}","{X=2039,Y=502,Width=232,Height=45}","DIFF: Data Text:","~11/22/2011","~llf22fll","TemplateMatch, UserValidated"
"C:\DevelopPF\Data\Forms\1BPPIndexed\English-US\Invoices\HillsCo\TampaSpring\Original\INV# 067942~PO# DPFM12164015~TAMPA SPRING COMPANY~11_22_2011~$2,146.93~3438_003.tif"," "," ","Invoice Number","Invoice Number"," ","GeneralText","GeneralText"," ","UnknownFormFieldGroup","UnknownFormFieldGroup","DIFF: Label Area:","{X=1378,Y=540,Width=210,Height=69}","{X=1409,Y=557,Width=164,Height=38}"," ","Inv #:","Inv #:","DIFF: Data Area:","{X=1599,Y=544,Width=207,Height=57}","{X=1618,Y=560,Width=170,Height=32}"," ","~067942","~067942","TemplateMatch, UserValidated"
"C:\DevelopPF\Data\Forms\1BPPIndexed\English-US\Invoices\HillsCo\TampaSpring\Original\INV# 067942~PO# DPFM12164015~TAMPA SPRING COMPANY~11_22_2011~$2,146.93~3438_003.tif","Field Error"," ","Purchase Order","Purchase Order"," ","GeneralText","GeneralText"," ","UnknownFormFieldGroup","UnknownFormFieldGroup","DIFF: Label Area:","{X=1442,Y=850,Width=150,Height=61}","{X=1469,Y=862,Width=105,Height=38}"," ","PO#:","PO#:","DIFF: Data Area:","{X=1603,Y=854,Width=392,Height=53}","{X=0,Y=0,Width=0,Height=0}","ERROR: Data Text:","~DPFM12164015","~","TemplateMatch, UserValidated"
"C:\DevelopPF\Data\Forms\1BPPIndexed\English-US\Invoices\HillsCo\TampaSpring\Original\INV# 068065~PO# DPFM12164015~TAMPA SPRING COMPANY~11_30_2011~$1,489.88~3438_001.tif","ERROR no document field"," ","Invoice Date",""," ","Date","GeneralText"," ","CustomerFormFieldGroup","UnknownFormFieldGroup"," ","{X=1858,Y=480,Width=162,Height=61}","{X=0,Y=0,Width=0,Height=0}"," ","Date :",""," ","{X=2039,Y=488,Width=243,Height=45}","{X=0,Y=0,Width=0,Height=0}"," ","~11/30/2011","~","Unvalidated"
"C:\DevelopPF\Data\Forms\1BPPIndexed\English-US\Invoices\HillsCo\TampaSpring\Original\INV# 068065~PO# DPFM12164015~TAMPA SPRING COMPANY~11_30_2011~$1,489.88~3438_001.tif","Field Error"," ","Total Due","Total Due"," ","Currency","Currency"," ","SummaryFormFieldGroup","SummaryFormFieldGroup"," ","{X=1867,Y=2815,Width=160,Height=39}","{X=1867,Y=2815,Width=160,Height=39}"," ","Total :","Total :","DIFF: Data Area:","{X=2116,Y=2817,Width=223,Height=37}","{X=0,Y=0,Width=0,Height=0}","ERROR: Data Text:","~1489.88","~","Unvalidated"
"C:\DevelopPF\Data\Forms\1BPPIndexed\English-US\Invoices\HillsCo\TampaSpring\Original\INV# 068065~PO# DPFM12164015~TAMPA SPRING COMPANY~11_30_2011~$1,489.88~3438_001.tif","ERROR no document field"," ","Invoice Number",""," ","GeneralText","GeneralText"," ","UnknownFormFieldGroup","UnknownFormFieldGroup"," ","{X=1427,Y=528,Width=186,Height=65}","{X=0,Y=0,Width=0,Height=0}"," ","Inv #:",""," ","{X=1616,Y=520,Width=199,Height=73}","{X=0,Y=0,Width=0,Height=0}"," ","~068065","~","Unvalidated"
"C:\DevelopPF\Data\Forms\1BPPIndexed\English-US\Invoices\HillsCo\TampaSpring\Original\INV# 068065~PO# DPFM12164015~TAMPA SPRING COMPANY~11_30_2011~$1,489.88~3438_001.tif","ERROR no document field"," ","Purchase Order",""," ","GeneralText","GeneralText"," ","UnknownFormFieldGroup","UnknownFormFieldGroup"," ","{X=0,Y=0,Width=0,Height=0}","{X=0,Y=0,Width=0,Height=0}"," ","",""," ","{X=1157,Y=2132,Width=637,Height=57}","{X=0,Y=0,Width=0,Height=0}"," ","~DPFM12164015","~","Unvalidated"
"C:\DevelopPF\Data\Forms\1BPPIndexed\English-US\Invoices\HillsCo\TampaSpring\Original\INV# 068065~PO# DPFM12164015~TAMPA SPRING COMPANY~11_30_2011~$1,489.88~3438_002.tif","ERROR no document field"," ","Invoice Date",""," ","Date","GeneralText"," ","CustomerFormFieldGroup","UnknownFormFieldGroup"," ","{X=1837,Y=492,Width=170,Height=53}","{X=0,Y=0,Width=0,Height=0}"," ","Date :",""," ","{X=2022,Y=496,Width=231,Height=53}","{X=0,Y=0,Width=0,Height=0}"," ","~11/30/2011","~","Unvalidated"
"C:\DevelopPF\Data\Forms\1BPPIndexed\English-US\Invoices\HillsCo\TampaSpring\Original\INV# 068065~PO# DPFM12164015~TAMPA SPRING COMPANY~11_30_2011~$1,489.88~3438_002.tif","ERROR no document field"," ","Invoice Number",""," ","GeneralText","GeneralText"," ","UnknownFormFieldGroup","UnknownFormFieldGroup"," ","{X=1398,Y=536,Width=190,Height=57}","{X=0,Y=0,Width=0,Height=0}"," ","Inv #:",""," ","{X=1599,Y=532,Width=219,Height=69}","{X=0,Y=0,Width=0,Height=0}"," ","~068065","~","Unvalidated"
"C:\DevelopPF\Data\Forms\1BPPIndexed\English-US\Invoices\HillsCo\TampaSpring\Original\INV# 068065~PO# DPFM12164015~TAMPA SPRING COMPANY~11_30_2011~$1,489.88~3438_002.tif","ERROR no document field"," ","Purchase Order",""," ","GeneralText","GeneralText"," ","UnknownFormFieldGroup","UnknownFormFieldGroup"," ","{X=1438,Y=830,Width=142,Height=61}","{X=0,Y=0,Width=0,Height=0}"," ","PO# :",""," ","{X=1607,Y=846,Width=557,Height=45}","{X=0,Y=0,Width=0,Height=0}"," ","~","~","Unvalidated"
"C:\DevelopPF\Data\Forms\1BPPIndexed\English-US\Invoices\HillsCo\TampaSpring\Original\INV# 068065~PO# DPFM12164015~TAMPA SPRING COMPANY~11_30_2011~$1,489.88~3438_004.tif","ERROR no document field"," ","Invoice Date",""," ","Date","GeneralText"," ","CustomerFormFieldGroup","UnknownFormFieldGroup"," ","{X=1853,Y=513,Width=166,Height=49}","{X=0,Y=0,Width=0,Height=0}"," ","Date : ",""," ","{X=2034,Y=509,Width=240,Height=57}","{X=0,Y=0,Width=0,Height=0}"," ","~11/30/2011","~","Unvalidated"
"C:\DevelopPF\Data\Forms\1BPPIndexed\English-US\Invoices\HillsCo\TampaSpring\Original\INV# 068065~PO# DPFM12164015~TAMPA SPRING COMPANY~11_30_2011~$1,489.88~3438_004.tif","ERROR no document field"," ","Invoice Number",""," ","GeneralText","GeneralText"," ","UnknownFormFieldGroup","UnknownFormFieldGroup"," ","{X=1381,Y=553,Width=210,Height=62}","{X=0,Y=0,Width=0,Height=0}"," ","Inv #:",""," ","{X=1611,Y=561,Width=194,Height=58}","{X=0,Y=0,Width=0,Height=0}"," ","~068065","~","Unvalidated"
"C:\DevelopPF\Data\Forms\1BPPIndexed\English-US\Invoices\HillsCo\TampaSpring\Original\INV# 068065~PO# DPFM12164015~TAMPA SPRING COMPANY~11_30_2011~$1,489.88~3438_004.tif","ERROR no document field"," ","Purchase Order",""," ","GeneralText","GeneralText"," ","UnknownFormFieldGroup","UnknownFormFieldGroup"," ","{X=1453,Y=876,Width=134,Height=37}","{X=0,Y=0,Width=0,Height=0}"," ","PO#:",""," ","{X=1611,Y=876,Width=469,Height=37}","{X=0,Y=0,Width=0,Height=0}"," ","~","~","Unvalidated"
"C:\DevelopPF\Data\Forms\1BPPIndexed\English-US\Invoices\HillsCo\TampaSpring\Original\INV# 068065~PO# DPFM12164015~TAMPA SPRING COMPANY~11_30_2011~$1,489.88~3438_005.tif"," "," ","Invoice Date","Invoice Date"," ","Date","Date"," ","CustomerFormFieldGroup","CustomerFormFieldGroup","DIFF: Label Area:","{X=1845,Y=497,Width=195,Height=49}","{X=1878,Y=496,Width=139,Height=37}"," ","Date :","Date :","DIFF: Data Area:","{X=2055,Y=492,Width=259,Height=50}","{X=2063,Y=496,Width=233,Height=43}","DIFF: Data Text:","~11/30/2011","~ll'f 3O/ll","TemplateMatch, UserValidated"
"C:\DevelopPF\Data\Forms\1BPPIndexed\English-US\Invoices\HillsCo\TampaSpring\Original\INV# 068065~PO# DPFM12164015~TAMPA SPRING COMPANY~11_30_2011~$1,489.88~3438_005.tif"," "," ","Total Due","Total Due"," ","Currency","Currency"," ","SummaryFormFieldGroup","SummaryFormFieldGroup"," ","{X=1882,Y=2878,Width=167,Height=34}","{X=1882,Y=2878,Width=167,Height=34}"," ","Total :","Total :"," ","{X=2156,Y=2882,Width=201,Height=31}","{X=2156,Y=2882,Width=201,Height=31}"," ","~1489.88","~1489.88","TemplateMatch, UserValidated"
"C:\DevelopPF\Data\Forms\1BPPIndexed\English-US\Invoices\HillsCo\TampaSpring\Original\INV# 068065~PO# DPFM12164015~TAMPA SPRING COMPANY~11_30_2011~$1,489.88~3438_005.tif"," "," ","Invoice Number","Invoice Number"," ","GeneralText","GeneralText"," ","UnknownFormFieldGroup","UnknownFormFieldGroup","DIFF: Label Area:","{X=1413,Y=533,Width=199,Height=65}","{X=1431,Y=550,Width=164,Height=37}"," ","Inv # :","Inv # :","DIFF: Data Area:","{X=1639,Y=549,Width=195,Height=41}","{X=1641,Y=553,Width=171,Height=31}"," ","~068065","~068065","TemplateMatch, UserValidated"
"C:\DevelopPF\Data\Forms\1BPPIndexed\English-US\Invoices\HillsCo\TampaSpring\Original\INV# 068065~PO# DPFM12164015~TAMPA SPRING COMPANY~11_30_2011~$1,489.88~3438_005.tif"," "," ","Purchase Order","Purchase Order"," ","GeneralText","GeneralText"," ","UnknownFormFieldGroup","UnknownFormFieldGroup","DIFF: Label Area:","{X=1473,Y=848,Width=139,Height=49}","{X=1491,Y=854,Width=105,Height=37}"," ","PO#:","PO#:","DIFF: Data Area:","{X=1635,Y=852,Width=485,Height=53}","{X=1641,Y=855,Width=23,Height=37}","DIFF: Data Text:","~","~4","TemplateMatch, UserValidated"
"C:\DevelopPF\Data\Forms\1BPPIndexed\English-US\Invoices\HillsCo\TampaSpring\Original\INV# 068068~PO# DPFM12164015~TAMPA SPRING COMPANY~11_30_2011~$1,448.80~3438_001.tif","ERROR no document field"," ","Invoice Date",""," ","Date","GeneralText"," ","CustomerFormFieldGroup","UnknownFormFieldGroup"," ","{X=1828,Y=483,Width=183,Height=62}","{X=0,Y=0,Width=0,Height=0}"," ","Date : ",""," ","{X=2010,Y=495,Width=258,Height=42}","{X=0,Y=0,Width=0,Height=0}"," ","~11/30/2011","~","Unvalidated"
"C:\DevelopPF\Data\Forms\1BPPIndexed\English-US\Invoices\HillsCo\TampaSpring\Original\INV# 068068~PO# DPFM12164015~TAMPA SPRING COMPANY~11_30_2011~$1,448.80~3438_001.tif","Field Error"," ","Total Due","Total Due"," ","Currency","Currency"," ","SummaryFormFieldGroup","SummaryFormFieldGroup"," ","{X=1850,Y=2813,Width=165,Height=32}","{X=1850,Y=2813,Width=165,Height=32}"," ","Total :","Total :","DIFF: Data Area:","{X=2106,Y=2803,Width=227,Height=45}","{X=0,Y=0,Width=0,Height=0}","ERROR: Data Text:","~1448.80","~","Unvalidated"
"C:\DevelopPF\Data\Forms\1BPPIndexed\English-US\Invoices\HillsCo\TampaSpring\Original\INV# 068068~PO# DPFM12164015~TAMPA SPRING COMPANY~11_30_2011~$1,448.80~3438_001.tif","ERROR no document field"," ","Invoice Number",""," ","GeneralText","GeneralText"," ","UnknownFormFieldGroup","UnknownFormFieldGroup"," ","{X=1393,Y=528,Width=203,Height=61}","{X=0,Y=0,Width=0,Height=0}"," ","Inv #:",""," ","{X=1611,Y=540,Width=202,Height=49}","{X=0,Y=0,Width=0,Height=0}"," ","~068068","~","Unvalidated"
"C:\DevelopPF\Data\Forms\1BPPIndexed\English-US\Invoices\HillsCo\TampaSpring\Original\INV# 068068~PO# DPFM12164015~TAMPA SPRING COMPANY~11_30_2011~$1,448.80~3438_001.tif","ERROR no document field"," ","Purchase Order",""," ","GeneralText","GeneralText"," ","UnknownFormFieldGroup","UnknownFormFieldGroup"," ","{X=1466,Y=834,Width=122,Height=57}","{X=0,Y=0,Width=0,Height=0}"," ","PO#:",""," ","{X=1615,Y=842,Width=379,Height=41}","{X=0,Y=0,Width=0,Height=0}"," ","~DPFM12164015","~","Unvalidated"
"C:\DevelopPF\Data\Forms\1BPPIndexed\English-US\Invoices\HillsCo\TampaSpring\Original\INV# 068068~PO# DPFM12164015~TAMPA SPRING COMPANY~11_30_2011~$1,448.80~3438_002.tif"," "," ","Invoice Date","Invoice Date"," ","Date","Date"," ","CustomerFormFieldGroup","CustomerFormFieldGroup","DIFF: Label Area:","{X=1840,Y=346,Width=179,Height=62}","{X=1860,Y=354,Width=181,Height=39}"," ","Date : ","Date : ","DIFF: Data Area:","{X=2026,Y=354,Width=250,Height=50}","{X=2041,Y=354,Width=226,Height=47}","DIFF: Data Text:","~11/30/2011","~11/3 0/11","TemplateMatch, UserValidated"
"C:\DevelopPF\Data\Forms\1BPPIndexed\English-US\Invoices\HillsCo\TampaSpring\Original\INV# 068068~PO# DPFM12164015~TAMPA SPRING COMPANY~11_30_2011~$1,448.80~3438_002.tif"," "," ","Invoice Number","Invoice Number"," ","GeneralText","GeneralText"," ","UnknownFormFieldGroup","UnknownFormFieldGroup","DIFF: Label Area:","{X=1414,Y=383,Width=190,Height=77}","{X=1425,Y=404,Width=161,Height=37}"," ","Inv #:","Inv #:","DIFF: Data Area:","{X=1623,Y=399,Width=190,Height=49}","{X=1630,Y=408,Width=167,Height=32}"," ","~068068","~068068","TemplateMatch, UserValidated"
"C:\DevelopPF\Data\Forms\1BPPIndexed\English-US\Invoices\HillsCo\TampaSpring\Original\INV# 068068~PO# DPFM12164015~TAMPA SPRING COMPANY~11_30_2011~$1,448.80~3438_002.tif","Field Error"," ","Purchase Order","Purchase Order"," ","GeneralText","GeneralText"," ","UnknownFormFieldGroup","UnknownFormFieldGroup","DIFF: Label Area:","{X=1466,Y=697,Width=130,Height=49}","{X=1482,Y=699,Width=104,Height=37}"," ","PO# :","PO# :","DIFF: Data Area:","{X=1615,Y=685,Width=392,Height=61}","{X=0,Y=0,Width=0,Height=0}","ERROR: Data Text:","~DPFM12164015","~","TemplateMatch, UserValidated"
"C:\DevelopPF\Data\Forms\1BPPIndexed\English-US\Invoices\HillsCo\TampaSpring\Original\INV# 068271~PO# DPFM12164015~TAMPA SPRING COMPANY~12_12_2011~$1,177.62~3438_001.tif"," "," ","Invoice Date","Invoice Date"," ","Date","Date"," ","CustomerFormFieldGroup","CustomerFormFieldGroup","DIFF: Label Area:","{X=1822,Y=486,Width=191,Height=58}","{X=1855,Y=492,Width=137,Height=36}"," ","Date :","Date :","DIFF: Data Area:","{X=2029,Y=490,Width=268,Height=50}","{X=2035,Y=492,Width=225,Height=43}","DIFF: Data Text:","~12/12/2011","~l2fl2/11","Unvalidated"
"C:\DevelopPF\Data\Forms\1BPPIndexed\English-US\Invoices\HillsCo\TampaSpring\Original\INV# 068271~PO# DPFM12164015~TAMPA SPRING COMPANY~12_12_2011~$1,177.62~3438_001.tif","ERROR no document field"," ","Total Due",""," ","Currency","GeneralText"," ","SummaryFormFieldGroup","UnknownFormFieldGroup"," ","{X=1851,Y=2786,Width=179,Height=49}","{X=0,Y=0,Width=0,Height=0}"," ","Total :",""," ","{X=2110,Y=2786,Width=236,Height=49}","{X=0,Y=0,Width=0,Height=0}"," ","~1177.62","~","Unvalidated"
"C:\DevelopPF\Data\Forms\1BPPIndexed\English-US\Invoices\HillsCo\TampaSpring\Original\INV# 068271~PO# DPFM12164015~TAMPA SPRING COMPANY~12_12_2011~$1,177.62~3438_001.tif","ERROR no document field"," ","Invoice Number",""," ","GeneralText","GeneralText"," ","UnknownFormFieldGroup","UnknownFormFieldGroup"," ","{X=1393,Y=526,Width=212,Height=62}","{X=0,Y=0,Width=0,Height=0}"," ","Inv #:",""," ","{X=1616,Y=539,Width=195,Height=45}","{X=0,Y=0,Width=0,Height=0}"," ","~068271","~","Unvalidated"
"C:\DevelopPF\Data\Forms\1BPPIndexed\English-US\Invoices\HillsCo\TampaSpring\Original\INV# 068271~PO# DPFM12164015~TAMPA SPRING COMPANY~12_12_2011~$1,177.62~3438_001.tif","ERROR no document field"," ","Purchase Order",""," ","GeneralText","GeneralText"," ","UnknownFormFieldGroup","UnknownFormFieldGroup"," ","{X=1470,Y=826,Width=130,Height=62}","{X=0,Y=0,Width=0,Height=0}"," ","PO#:",""," ","{X=1616,Y=830,Width=454,Height=66}","{X=0,Y=0,Width=0,Height=0}"," ","~","~","Unvalidated"
"C:\DevelopPF\Data\Forms\1BPPIndexed\English-US\Invoices\HillsCo\TampaSpring\Original\INV# 068271~PO# DPFM12164015~TAMPA SPRING COMPANY~12_12_2011~$1,177.62~3438_002.tif"," "," ","Invoice Date","Invoice Date"," ","Date","Date"," ","CustomerFormFieldGroup","CustomerFormFieldGroup","DIFF: Label Area:","{X=1839,Y=487,Width=155,Height=50}","{X=1848,Y=500,Width=135,Height=30}"," ","Date :","Date :","DIFF: Data Area:","{X=2021,Y=487,Width=245,Height=54}","{X=2028,Y=490,Width=224,Height=46}","DIFF: Data Text:","~12/12/2011","~l2fl2fll","TemplateMatch, UserValidated"
"C:\DevelopPF\Data\Forms\1BPPIndexed\English-US\Invoices\HillsCo\TampaSpring\Original\INV# 068271~PO# DPFM12164015~TAMPA SPRING COMPANY~12_12_2011~$1,177.62~3438_002.tif"," "," ","Invoice Number","Invoice Number"," ","GeneralText","GeneralText"," ","UnknownFormFieldGroup","UnknownFormFieldGroup","DIFF: Label Area:","{X=1396,Y=536,Width=188,Height=58}","{X=1412,Y=544,Width=160,Height=39}"," ","Inv # :","Inv # :","DIFF: Data Area:","{X=1607,Y=528,Width=180,Height=62}","{X=1617,Y=549,Width=167,Height=31}"," ","~068271","~068271","TemplateMatch, UserValidated"
"C:\DevelopPF\Data\Forms\1BPPIndexed\English-US\Invoices\HillsCo\TampaSpring\Original\INV# 068271~PO# DPFM12164015~TAMPA SPRING COMPANY~12_12_2011~$1,177.62~3438_002.tif"," "," ","Purchase Order","Purchase Order"," ","GeneralText","GeneralText"," ","UnknownFormFieldGroup","UnknownFormFieldGroup","DIFF: Label Area:","{X=1457,Y=836,Width=127,Height=42}","{X=1470,Y=840,Width=104,Height=36}"," ","PO#:","PO#:","DIFF: Data Area:","{X=1603,Y=840,Width=505,Height=54}","{X=1616,Y=840,Width=23,Height=36}","DIFF: Data Text:","~","~#","TemplateMatch, UserValidated"
"C:\DevelopPF\Data\Forms\1BPPIndexed\English-US\Invoices\HillsCo\TampaSpring\Original\INV# 93923~PO# DPFM11164102~TAMPA SPRING COMPANY~10_05_2011~$607.75~_001.tif","ERROR no document field"," ","Invoice Date",""," ","Date","GeneralText"," ","CustomerFormFieldGroup","UnknownFormFieldGroup"," ","{X=1822,Y=480,Width=143,Height=54}","{X=0,Y=0,Width=0,Height=0}"," ","Date:",""," ","{X=2001,Y=480,Width=229,Height=50}","{X=0,Y=0,Width=0,Height=0}"," ","~10/5/2011","~","Unvalidated"
"C:\DevelopPF\Data\Forms\1BPPIndexed\English-US\Invoices\HillsCo\TampaSpring\Original\INV# 93923~PO# DPFM11164102~TAMPA SPRING COMPANY~10_05_2011~$607.75~_001.tif","ERROR no document field"," ","Invoice Number",""," ","GeneralText","GeneralText"," ","UnknownFormFieldGroup","UnknownFormFieldGroup"," ","{X=1395,Y=521,Width=180,Height=53}","{X=0,Y=0,Width=0,Height=0}"," ","Inv #:",""," ","{X=2082,Y=533,Width=144,Height=41}","{X=0,Y=0,Width=0,Height=0}"," ","~93923","~","Unvalidated"
"C:\DevelopPF\Data\Forms\1BPPIndexed\English-US\Invoices\HillsCo\TampaSpring\Original\INV# 93923~PO# DPFM11164102~TAMPA SPRING COMPANY~10_05_2011~$607.75~_001.tif","ERROR no document field"," ","Purchase Order",""," ","GeneralText","GeneralText"," ","UnknownFormFieldGroup","UnknownFormFieldGroup"," ","{X=1456,Y=813,Width=119,Height=42}","{X=0,Y=0,Width=0,Height=0}"," ","PO#:",""," ","{X=1606,Y=809,Width=339,Height=50}","{X=0,Y=0,Width=0,Height=0}"," ","~DPFM11164102","~","Unvalidated"
"C:\DevelopPF\Data\Forms\1BPPIndexed\English-US\Invoices\HillsCo\TampaSpring\Original\INV# 93923~PO# DPFM11164102~TAMPA SPRING COMPANY~10_05_2011~$607.75~_001.tif","ERROR no document field"," ","Total Due",""," ","GeneralText","GeneralText"," ","UnknownFormFieldGroup","UnknownFormFieldGroup"," ","{X=1814,Y=2717,Width=180,Height=45}","{X=0,Y=0,Width=0,Height=0}"," ","Total:",""," ","{X=2107,Y=2717,Width=176,Height=62}","{X=0,Y=0,Width=0,Height=0}"," ","~607.75","~","Unvalidated"
